-- phpMyAdmin SQL Dump
-- version 5.2.1
-- https://www.phpmyadmin.net/
--
-- Servidor: 127.0.0.1
-- Tiempo de generación: 15-05-2024 a las 15:39:15
-- Versión del servidor: 10.4.32-MariaDB
-- Versión de PHP: 8.2.12

SET SQL_MODE = "NO_AUTO_VALUE_ON_ZERO";
START TRANSACTION;
SET time_zone = "+00:00";


/*!40101 SET @OLD_CHARACTER_SET_CLIENT=@@CHARACTER_SET_CLIENT */;
/*!40101 SET @OLD_CHARACTER_SET_RESULTS=@@CHARACTER_SET_RESULTS */;
/*!40101 SET @OLD_COLLATION_CONNECTION=@@COLLATION_CONNECTION */;
/*!40101 SET NAMES utf8mb4 */;

--
-- Base de datos: `pruebas`
--

-- --------------------------------------------------------

--
-- Estructura de tabla para la tabla `cargos`
--

CREATE TABLE `cargos` (
  `carg_id` int(5) NOT NULL,
  `carg_nombre` varchar(100) NOT NULL,
  `carg_celular` varchar(100) DEFAULT NULL,
  `carg_correo` varchar(100) NOT NULL
) ENGINE=InnoDB DEFAULT CHARSET=utf8mb4 COLLATE=utf8mb4_general_ci;

--
-- Volcado de datos para la tabla `cargos`
--

INSERT INTO `cargos` (`carg_id`, `carg_nombre`, `carg_celular`, `carg_correo`) VALUES
(0, 'N.A', 'N.A', 'N.A'),
(1, 'RECURSOS HUMANOS', '3105731592', 'RECURSOSHUMANOS@INTECMA.COM.CO'),
(2, 'ASESORA 4', '3132525354', 'VENTAS4@INTECMA.COM.CO'),
(3, 'DIRECTORA COMERCIAL', '3133483027', 'DIRECTORCOMERCIAL@INTECMA.COM.CO'),
(4, 'GERENTE', '3133483027', 'GERENCIA@INTECMA.COM.CO'),
(5, 'ASESORA 1', '3134207016', 'VENTAS1@INTECMA.COM.CO'),
(6, 'AUXILIAR ADMINISTRATIVA', '3105731592', 'AUXILIARADMINISTRATIVO@INTECMA.COM.CO'),
(7, 'ASESORA 3', '3132525354', 'VENTAS3@INTECMA.COM.CO'),
(8, 'SERVICIO AL CLIENTE', '3134207060', 'SERVICLIENTE@INTECMA.COM.CO'),
(9, 'ASISTENTE DE GERENCIA', '3132525417', 'ADMINISTRACION@INTECMA.COM.CO'),
(10, 'ASESORA 2', '3134207085', 'VENTAS2@INTECMA.COM.CO'),
(11, 'CONTADOR', '3167674801', 'CONTABILIDAD@INTECMA.COM.CO'),
(12, 'JEFE DE BODEGA', '3124901339', 'ADMINISTRACION@INTECMA.COM.CO'),
(13, 'TRANSPORTADOR EXTERNO', 'N.A', 'practicasintecma1@gmail.com'),
(14, 'TRANSPORTADOR INTERNO', 'N.A', 'N.A'),
(15, 'PROVEEDOR EXTERIOR', 'N.A', 'N.A'),
(16, 'CLIENTE', 'N.A', 'N.A');

-- --------------------------------------------------------

--
-- Estructura de tabla para la tabla `cliente`
--

CREATE TABLE `cliente` (
  `cli_id` int(5) NOT NULL,
  `cli_nombre` varchar(100) NOT NULL,
  `cli_nit` varchar(100) NOT NULL,
  `id_clasificacion` int(5) NOT NULL,
  `cli_direccion` varchar(200) NOT NULL,
  `cli_telefono` varchar(50) NOT NULL,
  `cli_ciudad` int(5) NOT NULL,
  `cli_zona` int(5) NOT NULL,
  `cli_asesor_nombre` varchar(100) NOT NULL,
  `cli_pp_sistema` int(5) NOT NULL DEFAULT 0
) ENGINE=InnoDB DEFAULT CHARSET=utf8mb4 COLLATE=utf8mb4_general_ci;

--
-- Volcado de datos para la tabla `cliente`
--

INSERT INTO `cliente` (`cli_id`, `cli_nombre`, `cli_nit`, `id_clasificacion`, `cli_direccion`, `cli_telefono`, `cli_ciudad`, `cli_zona`, `cli_asesor_nombre`, `cli_pp_sistema`) VALUES
(1, 'A B SEÑALIZACION  S A S', '800145548', 5, 'CL  136   47  24', '6267445', 5, 1, 'ELIANA MARCELA VARGAS CORREA', 0),
(2, 'AC INVERSIONES MEDICAS S A S', '901257549', 1, 'CL  23  B   3  N  86', '3156122166', 7, 1, 'VENTAS VALLE', 0),
(3, 'ADRIAN LARGO SEPULVEDA', '1027954420', 1, 'CL  83   114  13', '3016738716', 2, 1, 'VENTAS ANTIOQUIA', 0),
(4, 'ADRIANA CABEZAS CORREDOR', '52391591', 1, 'KR 92 128 68', '312 5311548', 5, 1, 'YENNY CATALINA RAMIREZ BUSTOS', 0),
(5, 'ALBA FLOR FORERO', '38255449', 4, 'KR 21 SUR 145-77 AP 601 T 21  ARBOLEDA DEL CAMPESTRE', '3143391737', 20, 1, 'VENTAS TOLIMA - HUILA', 0),
(6, 'ALENO  S.A.S.', '901043022', 1, 'CL  3   11  E  39   LC 2  BRR QUINTA ORIENTAL', '5704456', 12, 1, 'VENTAS SANTANDERES', 0),
(7, 'ALEXANDER URIBE LONDOÑO', '71783076', 1, 'CL 106 64 D 36', '2678327', 27, 1, 'VENTAS ANTIOQUIA', 0),
(8, 'ALEXANDRA CIFUENTES ANTURI', '38361856', 1, 'CL  33   4  A  69    BRR LA FRANCIA', '2665346', 20, 1, 'VENTAS TOLIMA - HUILA', 0),
(9, 'ALFA LATINA S.A.S', '901001978', 1, 'CR  32  A   17  51  BRR SAN ALONSO', '3016702478', 6, 1, 'VENTAS SANTANDERES', 30),
(10, 'ALFAMEDICAL JE S A S', '900776657', 1, 'CL  50   3  42   BRR LAGOS II ', ' CALLE 29 11-18;6483297', 16, 1, 'VENTAS SANTANDERES', 30),
(11, 'ALFONSO TRIBIN GOMEZ', '79786994', 5, 'CR  9   116  20  CONS  830', '3118093253', 5, 1, 'ELIANA MARCELA VARGAS CORREA', 0),
(12, 'ALLERS S.A.', '890312452', 1, 'KR 67 1 B 35 BRR EL REFUGIO', '7043725', 7, 1, 'VENTAS VALLE', 30),
(13, 'ALMACEN DE ELEMENTOS MEDICOS (ELEMED) LIMITADA', '830084368', 1, 'CL  42   8  A  19', '2323862', 5, 10, 'YENNY CATALINA RAMIREZ BUSTOS', 15),
(14, 'ALMACEN ORTOPEDICO OLAYA SAS', '901017982', 1, 'CR  16   48  23', '2885849', 5, 26, 'YENNY CATALINA RAMIREZ BUSTOS', 15),
(15, 'ALMACENADORA Y DEPOSITO MEDICAL LIVING S.A.S.', '901333074', 1, 'CL  68   13  30   BRR LA VICTORIA', '3227634321', 12, 1, 'VENTAS SANTANDERES', 30),
(16, 'ALPROTEC S.A.S.', '900318900', 1, 'CR  15   79  65   LC  402  B', '3196828949', 5, 10, 'YENNY CATALINA RAMIREZ BUSTOS', 0),
(17, 'ALVARO ORTIZ SOTO', '17643538', 1, 'KR  4   5  81   BRR PAEZ', '3146266648', 23, 1, 'VENTAS TOLIMA - HUILA', 0),
(18, 'AMANDA URIBE SAAVEDRA', '28403756', 5, 'KR  17   6  24   AP  103   ED  GONSIL 15   BRR ALGARRA 3', '3192671099', 50, 1, 'MERCADEO', 0),
(19, 'ANA MAGDA SOSA RODRIGUEZ', '52229008', 5, 'CR 14 Q BIS A 73 C 08 SUR', '3012405777', 5, 3, 'ELIANA MARCELA VARGAS CORREA', 0),
(20, 'ANA YINETH GOMEZ CASTRO', '1057578380', 5, 'CL  158   96  A  25', '3223446859', 5, 1, 'MERCADEO', 0),
(21, 'ANALICORP SAS', '900615475', 1, 'CL  73  A   70  A  45   P  3', '4551705', 5, 3, 'YENNY CATALINA RAMIREZ BUSTOS', 0),
(22, 'ANDERSON TOLEDO ROCHA', '1075237899-6', 4, 'CRA 12 No. 22 A 33', '3022224694', 30, 1, 'VENTAS TOLIMA - HUILA', 0),
(23, 'ANDREA ALDANA SANDOVAL', '52938440-3', 4, 'DIAGONAL 44 G SUR # 72 A 75 P.1', '3214713983', 5, 1, 'YENNY CATALINA RAMIREZ BUSTOS', 0),
(24, 'ANDRES FELIPE SALCEDO RENGIFO', '1110451275', 1, 'CL  58   5  22   BRR LIMONAR', '2641290-3166464303', 20, 1, 'VENTAS TOLIMA - HUILA', 30),
(25, 'ANDRES MAURICIO PULIDO TELLEZ', '1023938160', 1, 'DG  49  SUR   53  71', '3017381616', 5, 1, 'YENNY CATALINA RAMIREZ BUSTOS', 0),
(26, 'ANGELA DEL SOCORRO REYES OSORIO', '64553439', 1, 'KR  23   22  47   MERCADO VIEJO', '2820358', 40, 1, 'VENTAS COSTA', 30),
(27, 'ANGELA LUCIANY RIVERA RIVAS', '1143869639', 1, 'CL 38 N8A - 34', '322 6799779', 7, 1, 'VENTAS VALLE', 0),
(28, 'ANGIE MARCELA ALARCON CASTIBLANCO', '1016070520', 1, 'KR  79  C   65  B  11   SUR BOSA CENTRO', '5705528', 5, 2, 'YENNY CATALINA RAMIREZ BUSTOS', 0),
(29, 'APRONEV BOTIQUINES Y SEGURIDAD INDUSTRIAL LIMITADA', '830125003', 1, 'AV  CL  72   20  A  57   LC  02', '2179978', 5, 7, 'YENNY CATALINA RAMIREZ BUSTOS', 0),
(30, 'ARACELY DURAN CARVAJAL', '40775857', 1, 'CL  15   15  60   BRR EL CENTRO', '3208020293', 15, 1, 'VENTAS TOLIMA - HUILA', 0),
(31, 'ARLINGTON MAURICIO ORDOÑEZ HERRERA', '16856244', 4, 'CL 133 A   105  27', '6831597', 5, 1, 'YENNY CATALINA RAMIREZ BUSTOS', 30),
(32, 'ASOCIACION PROFAMILIA', '860013779', 1, 'DIAGONAL 22 A # 56 A ? 40', '3390900', 5, 26, 'YENNY CATALINA RAMIREZ BUSTOS', 30),
(33, 'ATEMPO PROVEEDORES EMPRESARIALES S A S', '800096103', 1, 'KR  20   53  B  41   BRR GALERIAS', '2101744', 5, 26, 'YENNY CATALINA RAMIREZ BUSTOS', 30),
(34, 'AURA LUCIA NIÑO CORREA', '23554360', 1, 'CL 13  15  43  INT 1', '7602329', 14, 1, 'VENTAS BOYACA', 15),
(35, 'AYGPHARMA SAS', '900080835', 1, 'CR 101  B   23  D  51', '6016751611', 5, 13, 'MERCADEO', 45),
(36, 'BEHNER S.A.S.', '804003257', 1, 'PARQUE INDUSTRIAL ZIMURA BG 23 KM 4 ANILLO VIAL GIRON FLORIDABLANCA', '6390114', 18, 1, 'VENTAS SANTANDERES', 0),
(37, 'BETEL & CIA SAS', '901626130', 1, 'CL  70  C   108  25', '3204726398', 5, 3, 'YENNY CATALINA RAMIREZ BUSTOS', 30),
(38, 'BIO QUIRURGICOS Y ORTOPEDICOS SAS', '901267759', 1, 'KR  18   11  62   INT  14   LC  105', '3112255883', 5, 4, 'YENNY CATALINA RAMIREZ BUSTOS', 45),
(39, 'BIOCOMERCIO S A S', '900303880', 5, 'CL  54  C  SUR   95  A  18  IN  8   AP  203', '3105510266', 5, 1, 'ELIANA MARCELA VARGAS CORREA', 0),
(40, 'BIOELECTRONIC GROUP S A S', '900452782', 5, 'CL  10  SUR   40  A  06  BRR CIUDAD MONTES', '3173671181', 5, 1, 'ELIANA MARCELA VARGAS CORREA', 0),
(41, 'BIOMEDICAL SOLUTIONS BCH SAS', '901018263', 1, 'CRA 6 ESTE # 1 - 36 SUR BR VILLA KATARINA', '3143083504', 33, 1, 'VENTAS TOLIMA - HUILA', 0),
(42, 'BIOPLAST  S.A.S', '830040574', 2, 'KR  90  A   64  C  89', '4382224-4382398', 5, 3, 'VENTAS BOGOTA', 60),
(43, 'BOTIQUINES SALUD Y BIENESTAR SAS', '901055078', 5, 'KR  116   152  20   IN  8   AP  104', '3038623', 5, 1, 'MERCADEO', 0),
(44, 'BRALLAN STIVEN CORREDOR MARTINEZ', '1016078336', 5, 'CL 23F # 108 - 35', '3103024012', 5, 1, 'ELIANA MARCELA VARGAS CORREA', 0),
(45, 'BRIZGA CORPORATION SAS', '901454798', 5, 'CL  80  A   116  B  50   IN  3   AP  306', '3232945650', 5, 3, 'ELIANA MARCELA VARGAS CORREA', 0),
(46, 'BUSTOS DIAZ S. EN C.S.', '900603965', 1, 'KR  19   20  16   BRR SAN FRANCISCO', '6422900-6424829', 6, 1, 'VENTAS SANTANDERES', 45),
(47, 'C Y A S.A.S.', '860029216', 1, 'KR  27   83  34', '5337299', 5, 7, 'YENNY CATALINA RAMIREZ BUSTOS', 45),
(48, 'CALDAS MEDICAS S.A.S.', '890806147', 1, 'KR 24 47 74', '8859134', 26, 1, 'VENTAS EJE CAFETERO', 45),
(49, 'CALYPSO DEL CARIBE S.A.', '800055116', 1, 'PARQUE INDUSTRIAL TIBITOC KM 2,2 VIA BRICE?O BG 44 C', '8776799', 45, 1, 'YENNY CATALINA RAMIREZ BUSTOS', 30),
(50, 'CARLOS ARLES ARISTIZABAL TORO', '16220856', 1, 'CL  8   10  36  BRR SAN NICOLAS', '3202545853', 9, 1, 'VENTAS EJE CAFETERO', 0),
(51, 'CARLOS EDUARDO MEDINA OSORIO', '79419594', 1, 'CL  154   21  SUR  22  TO  3  AP  504  ARBOLEDA DEL CAMPESTRE CAMBULO', '2629607', 20, 1, 'VENTAS TOLIMA - HUILA', 0),
(52, 'CARLOS EDUARDO ORTEGA', '79602042', 5, 'CR  13   155  88  CA  7', '3005553270', 5, 18, 'ELIANA MARCELA VARGAS CORREA', 0),
(53, 'CARNES DON MATIAS S.A.S.', '900658918', 1, 'CL  131   50  52  PRADO VERANIEGO', '7280836', 5, 1, 'YENNY CATALINA RAMIREZ BUSTOS', 0),
(54, 'CASA DEL MEDICO Y EL ENFERMERO SAS', '901236936', 1, 'KR  10   16   20', '2439383', 5, 24, 'YENNY CATALINA RAMIREZ BUSTOS', 0),
(55, 'CASA ODONTOLOGICA IMPORTADORA Y COMERCIALIZADORA S.A.S.', '900552695', 1, 'KR  11   8  N  50   BRR SANTA CLARA', '3142278862', 34, 1, 'VENTAS VALLE', 0),
(56, 'CASALIMPIA S.A', '860010451', 2, 'AV EL DORADO 100 BIS 70', '4578383', 5, 1, 'VENTAS BOGOTA', 60),
(57, 'CENTRO DE DIAGNOSTICO Y TRATAMIENTO CENDIATRA S A S', '800180176', 4, 'CL  19   3  50  P  12  CS  1202  1203', '6017443001', 5, 24, 'VENTAS BOGOTA', 30),
(58, 'CENTRO DE SALUD CIRUGIA ESTETICA AMBULATORIA CLINICA DE CHARRY LTDA', '900006808', 1, 'CR  48   122  28   BRR EL BATAN', '3105508156', 5, 1, 'MERCADEO', 0),
(59, 'CEPILAB S.A.S.', '900026670', 1, 'CL 100 SUR 49 95 BG 51', '4442645', 22, 1, 'VENTAS ANTIOQUIA', 30),
(60, 'CHICHERIA DEMENTE S.A.S.', '901084743', 3, 'CL  69   15  08', '3174411037', 5, 7, 'MERCADEO', 30),
(61, 'CIMEX COLOMBIA S.A.S.', '800202146', 1, 'AV  3  A  N   23  D  N  67   SN VICENTE', '6601808', 7, 1, 'VENTAS VALLE', 45),
(62, 'CLAUDIA ELIZABETH NASTUL GALVIS', '37085384', 1, 'MZ  11   CA  17   BRR SUMATAMBO', '3158620424', 31, 1, 'VENTAS VALLE', 0),
(63, 'CLINIDOTACIONES S.A.S.', '900633776', 1, 'KR  6   20  33   LC  1  BRR COLON', '7923110 - 3043841408', 28, 1, 'VENTAS COSTA', 45),
(64, 'CLINIMEDICAL GROUP SAS', '901181781', 1, 'CL  14   39  81   P  3   BARRIO MARGARITAS', '3218170865', 31, 1, 'VENTAS VALLE', 30),
(65, 'CLINIPLUS I.P.S S.A.S.', '900642187', 1, 'KR 45  70 162   LC 17 A', '3561377', 4, 1, 'VENTAS COSTA', 90),
(66, 'CLINISUMINISTROS S.A.S', '901065523', 1, 'DG  42  A   33  40  MZ  B  CA  17  BRR BARZAL', '6641630', 49, 1, 'VENTAS LLANOS', 30),
(67, 'CMC MEDICAL S.A.S.', '900294203', 2, 'KR  12   18  A  75', '8718882', 30, 1, 'VENTAS TOLIMA - HUILA', 45),
(68, 'CMX Y/O MEDISUMA LTDA', '830103572', 1, 'CL  71  A    29  35', '6434040', 5, 7, 'YENNY CATALINA RAMIREZ BUSTOS', 30),
(69, 'COMERCIALIZACION DE INSUMOS MEDICOQUIRURGICOS, DE ODONTOLOGIA Y LABORATORIO CLINICO NEIVA S.A.S.', '900923368', 1, 'CR 8 B 19 63', '8743862', 30, 1, 'VENTAS TOLIMA - HUILA', 0),
(70, 'COMERCIALIZADORA DE EQUIPOS MEDICOS ECOMED S.A.S.', '800169327', 1, 'KR  24   45  79   OF  201', '3403930', 5, 1, 'YENNY CATALINA RAMIREZ BUSTOS', 0),
(71, 'COMERCIALIZADORA DE MEDICAMENTOS BACATA SAS', '900640136', 1, 'KR  74  B   52  A  05   BRR  NORMANDIA SEGUNDO SECTOR', '6318543', 5, 3, 'MERCADEO', 0),
(72, 'COMERCIALIZADORA DELL S.A.S.', '900336213', 1, 'KR  23   51  32', '8911688', 26, 1, 'VENTAS EJE CAFETERO', 30),
(73, 'COMERCIALIZADORA DISTRITODO DEL CARIBE S.A.S', '900297493', 1, 'AV  BOYACA ED HERRERA LC 3', ' 300 6009655', 38, 1, 'VENTAS COSTA', 0),
(74, 'COMERCIALIZADORA E IMPORTADORA DE ELEMENTOS MEDICOS LIMITADA COIMPORMEDICA', '800042144', 1, 'KR  13   52  A  32', '2852397', 5, 10, 'YENNY CATALINA RAMIREZ BUSTOS', 30),
(75, 'COMERCIALIZADORA FARMACEUTICA Y DE INSUMOS MEDICOS CFIM SAS', '900413914', 1, 'CL 31 SUR 15 81 ZN INDUSTRIAL', '8693049', 30, 1, 'VENTAS TOLIMA - HUILA', 45),
(76, 'COMERCIALIZADORA IMPOCOR S.A.S.', '900512976', 1, 'CL  33   5  60  BRR PORVENIR', '4864176', 7, 1, 'VENTAS VALLE', 30),
(77, 'COMERCIALIZADORA INDUSTRIAL SAFETY SAS', '901107770', 1, 'CR  18  C  BIS   59  A  13   SUR', '3142877137', 5, 1, 'YENNY CATALINA RAMIREZ BUSTOS', 0),
(78, 'COMERCIALIZADORA INTEGRAL G&C SAS', '901096348', 1, 'CR  8  A   30  D  28   SUR', '4697226', 5, 22, 'YENNY CATALINA RAMIREZ BUSTOS', 30),
(79, 'COMERCIALIZADORA JEHOVA MI PASTOR S.A.S.', '901144518', 1, 'CR  1  C   35  52', '312 8373523', 28, 1, 'VENTAS COSTA', 0),
(80, 'COMERCIALIZADORA LA GEMA S.A.S.', '900405496', 1, 'CR  19  A   22  A  22', '3146245723', 5, 1, 'YENNY CATALINA RAMIREZ BUSTOS', 0),
(81, 'COMERCIALIZADORA Y DISTRIBUIDORA RAYGO SAS', '900589600', 1, 'DG  52  A   60  44  SUR', '6565887', 5, 1, 'YENNY CATALINA RAMIREZ BUSTOS', 0),
(82, 'COMPANY MEDIQBOY OC S.A.S', '901035884', 1, 'CL  58   2  80', '3165271795', 46, 1, 'VENTAS BOYACA', 45),
(83, 'COMPAÑiA DE SERVICIO LOGISTICO COLOMBIA SAS', '900031454', 1, 'CARRERA 30 N. 17-38 SECTOR PARQUE INFANTIL ', '7366691-7315731', 31, 1, 'VENTAS VALLE', 30),
(84, 'COMPAÑiA PAPELERA NACIONAL S.A.S.', '900009495', 1, 'CL  17  A   69  B  35', '4943055', 5, 1, 'VENTAS BOGOTA', 0),
(85, 'COMPONENTES DE COLOMBIA SA', '830138537', 1, 'CR  72   95  51', '', 5, 1, 'ELIANA MARCELA VARGAS CORREA', 0),
(86, 'COMPU SKY SOLUCIONES EMPRESARIALES SAS', '901199942', 5, 'CL  88   110  C  10', '3112739884', 5, 1, 'MERCADEO', 0),
(87, 'CONMEDIC S.A.S.', '830095360', 1, 'KR 70 8 24', '4463397', 5, 15, 'YENNY CATALINA RAMIREZ BUSTOS', 45),
(88, 'CONSULTORIAS Y SUMINISTROS - TORRES HERMANOS S.A.S', '901062533', 1, 'CR 17 48 N 18', '31 42213003', 34, 1, 'VENTAS VALLE', 0),
(89, 'CONSULTSUPPLIES  SAS', '900569383', 1, 'CL  45  C  BIS   23  08', '5403024', 5, 26, 'YENNY CATALINA RAMIREZ BUSTOS', 30),
(90, 'CONVIL SOLUCIONES S.A.S.', '901151222', 1, 'CR  32  D   17  89    BRR SAN ALONSO', '6879198', 6, 1, 'VENTAS SANTANDERES', 60),
(91, 'COOPERATIVA DE HOSPITALES DE SANTANDER Y EL NORORIENTE COLOMBIANO', '804009200', 1, 'BG 65 II ET MD 3 SAN JORGE CENTRO EMPRESARIAL Y LOGISTICO KM 7 ANILLO VIAL GIRON FLORIDABLANCA 22 31', '6917110', 18, 1, 'VENTAS SANTANDERES', 45),
(92, 'COOPERATIVA MULTIACTIVA CRUCIAL', '860451147', 4, 'AVCRA 68 68 B 31', '7559594', 5, 3, 'ELIANA MARCELA VARGAS CORREA', 0),
(93, 'COOPERATIVA NACIONAL DE DROGUISTAS DETALLISTAS', '860026123', 2, 'ZONA INDUSTRIAL ARROYO HONDO KM 4 BD 19-20B', '8266620 - 8266574', 32, 1, 'VENTAS BOGOTA', 45),
(94, 'COOPERATIVA REGIONAL PARA LA INTEGRACION Y EL DESARROLLO DE HOSPITALES E INSTITUCIONES DE SALUD PUBL', '900868176', 1, 'KM  4  700  RIO FRIO VIA ACCESO EL CORCEL INDUSTRIAL ZIMURA ANILLO VIAL BG 18', '6185096', 18, 1, 'VENTAS SANTANDERES', 30),
(95, 'COPIMEDICA S A S', '900306999', 1, 'CR  13   43  A  40  LC  1', '3231180', 5, 10, 'YENNY CATALINA RAMIREZ BUSTOS', 30),
(96, 'CORAZON MEDICO SAS', '901316255', 1, 'CL  5  B   39  12', '3152730687', 7, 1, 'VENTAS VALLE', 0),
(97, 'CORPORACION CORPOGEN', '830009610', 5, 'cr  4   20  41', '3124064841', 5, 3, 'ELIANA MARCELA VARGAS CORREA', 0),
(98, 'CORPOTICS COLOMBIA SAS', '901178694', 5, 'CR  8   16  21   OF  305', '3132967253', 5, 1, 'MERCADEO', 0),
(99, 'CORSANEMOS S.A.S', '830099865', 5, 'AV  BOYACA  72  B  02', '3689787', 5, 1, 'MERCADEO', 0),
(100, 'CORVENTAS DE COLOMBIA SAS', '830040184', 1, 'CL 74  65 B 39  BRR SAN FERNANDO', '6608810', 5, 23, 'VENTAS BOGOTA', 30),
(101, 'CRISTIAM ANIBAL BARRERA ARDILA', '1075247051', 1, 'CL  62   6  01   BRR EL CORTIJO', '8760242', 30, 1, 'VENTAS TOLIMA - HUILA', 0),
(102, 'CUERPO DE BOMBEROS VOLUNTARIOS TUNJA', '891800439', 1, 'CL 22 6 22', '7426070', 46, 1, 'VENTAS BOYACA', 15),
(103, 'CUPERZ SAS', '860032932', 5, 'TV  32  C   22  B  64  BRR CUNDINAMARCA', '2680900', 5, 20, 'ELIANA MARCELA VARGAS CORREA', 30),
(104, 'D & S EMPRESARIALES  S A S', '901006957', 5, 'CR  24  G   16  34   SUR', '6016735365', 5, 1, 'ELIANA MARCELA VARGAS CORREA', 0),
(105, 'D Y D S.A.S.', '900225460', 1, 'KR 47 79 250 ESQ ALMACEN TODO MEDICO', '3600245', 4, 1, 'VENTAS COSTA', 30),
(106, 'DATASAVE MEDICAL S A S', '830138248', 1, 'CL  86  B   49  A  21', '6230040', 5, 7, 'VENTAS BOGOTA', 0),
(107, 'DAYCA SUMINISTROS SAS', '901051730', 5, 'CL  64   5  35   AP  402', '4774285', 5, 1, 'MERCADEO', 0),
(108, 'DEMED  S A S', '901554315', 1, 'CL  22   19  65', '3102218944', 6, 1, 'VENTAS SANTANDERES', 30),
(109, 'DENSALUD GRUPO EMPRESARIAL SAS', '901105862', 1, 'KR 34 15 79 BRR SAN IGNACIO', '311 4662600', 31, 1, 'VENTAS VALLE', 0),
(110, 'DENTI-MEDIC INVERSIONES S.A.S', '900686299', 1, 'KR 42 F 75 B 124 BL 9 1 AP 11', '3589328', 4, 1, 'VENTAS COSTA', 30),
(111, 'DENTISUMINISTROS  S A S', '901099804', 1, 'CL 15 16 61', '304 4457002', 47, 1, 'VENTAS COSTA', 0),
(112, 'DESECHABLES MEDICOS S.A.S.', '900126531', 1, 'KR 77 BIS  76 68', '7045641', 5, 3, 'YENNY CATALINA RAMIREZ BUSTOS', 45),
(113, 'DESVARE AEREO S.A.', '830025735', 1, 'CL  22  J   97  44   OF  101', '2989862 - 2981992', 5, 1, 'YENNY CATALINA RAMIREZ BUSTOS', 0),
(114, 'DEXCO S.A.S.', '800031439', 1, 'KR 49 70 147', '3588322', 4, 1, 'VENTAS COSTA', 30),
(115, 'DIAGNOSTIC MEDICAL S.A.S.', '901353495', 1, 'KR  38   37  48   BRR EL PRADO', '3184756783 - 3186313279', 6, 1, 'VENTAS SANTANDERES', 0),
(116, 'DIANA YANETH MALAGON OSORIO', '40021389', 1, 'CLL 14 6 29', '3106332498', 41, 1, 'YENNY CATALINA RAMIREZ BUSTOS', 0),
(117, 'DICHCOL SAS', '830000027', 5, 'CR  55   70  A  21', '2400352', 5, 7, 'MERCADEO', 0),
(118, 'DICIMED SAS', '892002085', 1, 'KR  33  A    38  26 30    BRR CENTRO', '6722440', 48, 1, 'VENTAS LLANOS', 30),
(119, 'DIEGO ALFREDO RAMiREZ ROSAS', '76329550', 1, 'CL 17 N 1 100', '8363551', 34, 1, 'VENTAS VALLE', 0),
(120, 'DIEGO MARTINEZ GUZMAN', '80227723', 1, 'KR  18   11  62  IN  1  LC  106', '2010511', 5, 4, 'YENNY CATALINA RAMIREZ BUSTOS', 0),
(121, 'DIMEDICAL S.A.S.', '800206649', 1, 'AV 1 DE MAYO 40 B 53 SUR BRR KENNEDY', '4032224', 5, 1, 'YENNY CATALINA RAMIREZ BUSTOS', 30),
(122, 'DINA LUZ CELY CRISTANCHO', '1049602513', 1, 'CL  21   29  30   P  2  BRR LAS LAJAS', '3144459308', 14, 1, 'VENTAS BOYACA', 0),
(123, 'DIS - HOSPITAL SAS', '900365786', 1, 'CL  48   22  64', '6429797', 6, 1, 'VENTAS SANTANDERES', 0),
(124, 'DISCOLMEDICA S.A.S', '828002423', 2, 'CL  12   16  73   LC  2   BRR PRIMERO DE MAYO', '8704388', 30, 20, 'VENTAS TOLIMA - HUILA', 90),
(125, 'DISERRA  S A S', '900695347', 5, 'CR  9   19  15  BRR CENTRO', '3105386251', 47, 1, 'ELIANA MARCELA VARGAS CORREA', 0),
(126, 'DISFARMA GC SAS', '900580962', 1, 'DG FLORIDABLANCA 22 31 BG 89 CENTRO INDUSTRIAL Y LOGISTICO SAN JORGE KM 7 + 400 M ANILLO VIAL PALENQUE -- CL 5 17 43', '6915767 - 6761584', 18, 1, 'VENTAS SANTANDERES', 45),
(127, 'DISITRIBUIDORA DE MEDICAMENTOS Y EQUIPOS HOSPITALARIOS DE LA COSTA ATLANTICA S.A.S', '900302345', 1, 'CL  16   3  60   PARQ OLAYA HERRERA LA CEIBA', '6888703', 25, 1, 'VENTAS COSTA', 60),
(128, 'DISMEDICAM S.A.S.', '900333135', 1, 'KR 37 26 C 35 BRR SIETE DE AGOSTO', '6836748', 48, 1, 'VENTAS LLANOS', 0),
(129, 'DISPAPELES S.A.S', '860028580', 1, 'SEC SENA P INDUSTRIAL EL RODEO BG 4', '8838888', 39, 1, 'VENTAS BOGOTA', 45),
(130, 'DISPOINDUSTRIALES S.A.S.', '901457928', 1, 'CL  27  A   2  27  BRR BULEVAR', '6022172107', 9, 1, 'VENTAS EJE CAFETERO', 8),
(131, 'DISPROFARM S.A.S.', '901400425', 1, 'AV  3   25  61   CC MAYORISTA  LC  CM  7   BRR SAN MATEO', '5845988', 12, 1, 'VENTAS SANTANDERES', 30),
(132, 'DISPROMED M.K. S.A.S', '900208147', 1, 'AUT MEDELLIN  KM  2.5  VIA PARCELAS', '8985406', 11, 1, 'ELIANA MARCELA VARGAS CORREA', 45),
(133, 'DISPROMEDICAS S A S', '805030508', 1, 'CL 5 80 109 AP 407 UR VALLE DE LA FERREIRA UN 5', '6023451465', 7, 1, 'VENTAS VALLE', 30),
(134, 'DISTRI MEDICAL C Y S SUMINISTROS SAS', '900547871', 1, 'TV  31   11  SUR  39   OF  116  216  217', '6019261671', 5, 20, 'YENNY CATALINA RAMIREZ BUSTOS', 30),
(135, 'DISTRIBUIDORA FORTALEZA SAS', '900884517', 5, 'CL  127  B  BIS   71  A  15', '7968299', 5, 25, 'ELIANA MARCELA VARGAS CORREA', 0),
(136, 'DISTRIBUCIONES ALIADAS BJ S.A.S.', '900314764', 1, 'KR 28  78 27', '7470154', 5, 1, 'YENNY CATALINA RAMIREZ BUSTOS', 45),
(137, 'DISTRIBUCIONES CLINICAS DE LA COSTA S.A.S.', '900619755', 1, 'KR  13  A   22  26   LOS ALCAZARES', '4222194', 39, 1, 'VENTAS COSTA', 30),
(138, 'DISTRIBUCIONES CLINICAS SOCIEDAD ANONIMA DISCLINICA S.A.', '800005727', 1, 'KR 49 C 80 161', '3782201', 4, 1, 'VENTAS COSTA', 60),
(139, 'DISTRIBUCIONES MEDIFE S.A.S.', '811011426', 1, 'CRA 43 No 31-47 Sector San Diego', '4443507', 27, 1, 'VENTAS ANTIOQUIA', 45),
(140, 'DISTRIBUCIONES MEDITIENDA  S A S', '901355446', 1, 'CL  41   70  96', '31445304265 - 3144304265', 27, 1, 'VENTAS ANTIOQUIA', 30),
(141, 'DISTRIBUCIONES P&T  S A S', '900977261', 1, ' Cra 42 # 67 A - 151 Interior 144 Capicentro', '6045911304-3127796951', 21, 1, 'VENTAS ANTIOQUIA', 0),
(142, 'DISTRIBUCIONES QUIRURMED SAS', '800112970', 1, 'KR 8 A 42 17', '5248490', 7, 1, 'VENTAS VALLE', 45),
(143, 'DISTRIBUCIONES VIA MEDICAL DE LA COSTA S.A.S.', '900563720', 1, 'KR  45   75  42', '3006831408', 4, 1, 'VENTAS COSTA', 0),
(144, 'DISTRIBUCIONES Y REPRESENTACIONES EL eXITO S.A.S', '900430648', 1, 'CL  9   13  02', '4313702', 39, 1, 'VENTAS COSTA', 30),
(145, 'DISTRIBUIDOR NACIONAL DE MEDICAMENTOS SAS', '901561240', 4, 'CL 75 A SUR # 18 X 17', '3178114747 - 3105774247', 5, 1, 'ELIANA MARCELA VARGAS CORREA', 0),
(146, 'DISTRIBUIDORA ALONSO S.A.S', '900494338', 1, 'KR  17   42  35', '2455839', 5, 26, 'YENNY CATALINA RAMIREZ BUSTOS', 45),
(147, 'DISTRIBUIDORA COSTA NORTE LTDA.', '800033981', 1, 'AV CRISANTO LUQUE 47 71', '6627010', 8, 1, 'VENTAS COSTA', 45),
(148, 'DISTRIBUIDORA DE GENERICOS DE COLOMBIA SAS', '830100241', 1, 'TV  76  A   81  H  34', '3108814903', 5, 1, 'YENNY CATALINA RAMIREZ BUSTOS', 0),
(149, 'DISTRIBUIDORA DE MEDICAMENTOS DISMEDVITAL S A S', '900590912', 1, 'CR  52   35  58  BG  P 2  POR LA ESTACION EXPOS', '4480001', 27, 1, 'VENTAS ANTIOQUIA', 60),
(150, 'DISTRIBUIDORA INPORMEDICAL SAS', '900465064', 1, 'CL 20 29 87 BRR LAS CUADRAS', '7292992', 31, 1, 'VENTAS VALLE', 45),
(151, 'DISTRIBUIDORA INSUMEDIC SAS', '901532188', 1, 'CR  28  A   71  B  17', '3683827', 5, 7, 'YENNY CATALINA RAMIREZ BUSTOS', 45),
(152, 'DISTRIBUIDORA MEDICO QUIRURGICO Y FARMACEUTICA SAS', '901478157', 1, 'CL 24 B 25 33', '313 8972172', 5, 4, 'YENNY CATALINA RAMIREZ BUSTOS', 0),
(153, 'DISTRIBUIDORA PHARMASUR  SAS', '901352066', 1, 'CR  17  B   20  9  D  I  V1 BRR EL PRADO', '3128432645', 31, 1, 'VENTAS VALLE', 60),
(154, 'DISTRIBUIDORES CLINICOS S.A.S.', '900177138', 1, 'KR  30   33  52   BRR MEJORAS PUBLICAS', '6324564', 6, 1, 'VENTAS SANTANDERES', 45),
(155, 'DISTRIBUIDORES DE ARTICULOS Y SERVICIOS DE SALUD OCUPACIONAL LIMITADA', '900065694', 1, 'KR 105 B 77 C 18', '4334997', 5, 1, 'YENNY CATALINA RAMIREZ BUSTOS', 30),
(156, 'DISTRIBUIMOS L.F.D.O  S.A.S', '901042128', 1, 'CLL 44A No 68A-52 INT 101', '604 581 13 88', 27, 1, 'VENTAS ANTIOQUIA', 45),
(157, 'DISTRICENG HOSPITALARIOS S A S', '901721826', 1, 'CL  18  A   41  42  PANDIACO', '3158620424 - 3128707780', 31, 1, 'VENTAS VALLE', 0),
(158, 'DISTRICLINICOS DE COLOMBIA SAS', '900986322', 1, 'CL  5   6  75   BRR LA POLA', '2612358', 20, 1, 'VENTAS TOLIMA - HUILA', 60),
(159, 'DISTRIFARMA SANTA FE S.A.S', '900752825', 2, 'CL  13   22  05', '4721560', 5, 9, 'YENNY CATALINA RAMIREZ BUSTOS', 15),
(160, 'DISTRIHOSPITALARIOS DE COLOMBIA S A S', '901528055', 1, 'TV  154   24  143   LC  9  VISTA AZUL CAMPESTRE', '6961277', 16, 1, 'VENTAS SANTANDERES', 0),
(161, 'DISTRIMEDICA J C  S.A.S.', '900595327', 1, 'KR 16 A  30 68', '2854719', 5, 26, 'MERCADEO', 45),
(162, 'DISTRIMEDICAL S.A.S.', '811028725', 1, 'Cll 84 Sur No. 37-10 Bodega 118', '4485061-3154280 - 3113527931', 37, 1, 'VENTAS ANTIOQUIA', 30),
(163, 'DISTRISABANA PZ SAS', '901642105', 1, 'CR  72  C  BIS  A   SUR   55  78', '3209793195', 5, 2, 'YENNY CATALINA RAMIREZ BUSTOS', 0),
(164, 'DISTRISALUD DMD SAS', '901146785', 1, 'CR 29 #5 48-39 ', '310 5493139', 26, 1, 'VENTAS EJE CAFETERO', 0),
(165, 'DONDOHE4K SAS', '901566837', 3, 'Cl. 93 A # 12 - 35 SOTANO 3 BODEGA 6', '3133115674', 5, 10, 'VENTAS BOGOTA', 30),
(166, 'DORIS JANETH QUESADA ZANABRIA', '51864481', 1, 'CR  16   51  13', '2723133 - 3156875879', 5, 1, 'YENNY CATALINA RAMIREZ BUSTOS', 0),
(167, 'DOTACIONES EN SALUD DOTASALUD JC S.A.S', '900053297', 1, 'TV  27   53  B  80', '2851018', 5, 26, 'YENNY CATALINA RAMIREZ BUSTOS', 45),
(168, 'DOTARQUICK SAS', '901172907', 4, 'CR  52  A  NORTE   132  25   OF  201', '3167057538', 5, 19, 'VENTAS BOGOTA', 0),
(169, 'DROGUERIA METRO HOSPITALARIA SAS', '901105640', 1, 'CL  90   42  E  94', '3600119', 4, 1, 'VENTAS COSTA', 30),
(170, 'DROGUERIA SUPERMERCADO MEDICO S.A.S.', '901297381', 1, 'KR  43   74  155', '3690100', 4, 1, 'VENTAS COSTA', 15),
(171, 'ECOSEG COLOMBIA SAS', '900849371', 1, 'CL  78   27  11', '3127703', 5, 7, 'YENNY CATALINA RAMIREZ BUSTOS', 30),
(172, 'ECOVASOS CARIBE SAS', '901353670', 5, 'AV  4  N   8  A  N  79  BRR ZONA INDUSTRIAL', '5735679', 12, 1, 'VENTAS SANTANDERES', 0),
(173, 'EDUARD SOLANO VILA', '91354937', 1, 'CL  47   13  25', '3233281', 43, 1, 'VENTAS COSTA', 30),
(174, 'EDUIN JOSE ARROYO CAUSIL', '2760724', 1, 'CL  36   36  24', '6851230', 6, 1, 'VENTAS SANTANDERES', 0),
(175, 'EKIMEDICALL M Y P SAS', '901696221', 1, 'CR  109   68  C  33', '3227549650', 5, 1, 'YENNY CATALINA RAMIREZ BUSTOS', 0),
(176, 'EL SURTIDOR DE DROGAS - DROGAS IBLA S.A.', '860000339', 2, 'KR 11 11 47', '3429555 EXT 105-3424003', 5, 9, 'VENTAS BOGOTA', 60),
(177, 'EL TORO GENETICA SAS', '901038762', 4, 'CL  161   54  18   OF  901  TO  4', '3144128815', 5, 3, 'ELIANA MARCELA VARGAS CORREA', 0),
(178, 'ELEMENTOS MEDICOS Y SEGURIDAD INDUSTRIAL LATAM SAS', '901434286', 4, 'CL  37  SUR   52  A  21   P  1  LC  2  BRR LA ALQUERIA', '3585724', 5, 6, 'MERCADEO', 0),
(179, 'ELVIS ALBERTO CONDE JIMENEZ', '72213179', 4, 'CR 42 F 76 77 LC 1', '3003948049', 4, 1, 'VENTAS COSTA', 0),
(180, 'EMDISMEB  SAS', '901672146', 1, 'CL  105   46  13', '3193662335', 5, 1, 'YENNY CATALINA RAMIREZ BUSTOS', 0),
(181, 'EMPAQUES Y PLASTICOS MERCYPLAST SAS', '901425878', 5, 'CL  53   21  81', '3476596', 5, 1, 'YENNY CATALINA RAMIREZ BUSTOS', 0),
(182, 'EQUIDENTALES COLOMBIA S.A.S.', '901514637', 1, 'KR  14   5  69   SEC  BAVARIA', '7358612', 3, 1, 'VENTAS EJE CAFETERO', 0),
(183, 'EQUIFARMA\'S S.A.S', '800141049', 1, 'CL  12   6  44', '8711739-8715500-8715036', 30, 1, 'VENTAS TOLIMA - HUILA', 30),
(184, 'EQUIMARK S.A.S.', '830012956', 5, 'KR  54   17  A  52', '2604135', 5, 1, 'ELIANA MARCELA VARGAS CORREA', 0),
(185, 'EQUIPAMEDIC SAS', '901116467', 4, 'CLL 55 70-51', '9242553', 5, 3, 'VENTAS BOGOTA', 0),
(186, 'EQUIPOS CASABLANCA S A S', '900469101', 5, 'CR  71   50  31  NORMANDIAPRIMER SECTOR', '3024159791', 5, 1, 'ELIANA MARCELA VARGAS CORREA', 0),
(187, 'EQUYSEG S.A.S', '830059422', 1, 'AUT MEDELLIN KM 3,5 TERMINAL TERRESTRE DE CARGA LC A-7 VIA COTA', '8415560', 5, 1, 'YENNY CATALINA RAMIREZ BUSTOS', 0),
(188, 'ESMATECH  S A S', '901604457', 1, 'CL 2 N18 - 93 OFICINA 259, PISO 2, PARQUE INDUSTRIAL SAN JORGE, CENTRO COMERCIAL', '313 3278972', 29, 1, 'VENTAS BOGOTA', 0),
(189, 'ESPECIALIDADES DIAGNOSTICAS IHR SAS', '890325601', 1, 'CL 8 39-86', '3989788', 7, 1, 'VENTAS VALLE', 0),
(190, 'ESPERANZA MARTINEZ ABRIL', '39755866', 1, 'CL  52  B   8  A  44   BRR SANTA RITA', '3144350832', 5, 1, 'YENNY CATALINA RAMIREZ BUSTOS', 0),
(191, 'ESTERILIZAR EMPRESA UNIPERSONAL HILDA ALEJANDRA MEDINA QUINTERO E.U.', '805018151', 1, 'CL  5  B   41  32', '5534514', 7, 1, 'YENNY CATALINA RAMIREZ BUSTOS', 0),
(192, 'EV NEGOCIOS & RELACIONES S.A.S.', '830095385', 4, 'AK  15   106  66   P  2', '3108067292', 5, 1, 'YENNY CATALINA RAMIREZ BUSTOS', 30),
(193, 'FABIOLA CELEMIN DE RUBIANO', '38246537', 4, 'CR  4  B   32  B  83   BRR FEDERICO LLERAS', '2666786', 20, 1, 'VENTAS TOLIMA - HUILA', 0),
(194, 'FAICOL S.A.S.', '830125694', 1, 'CL 49 24 39', '2884565', 5, 1, 'YENNY CATALINA RAMIREZ BUSTOS', 0),
(195, 'FARMACEL LTDA.', '900009517', 1, 'KR  20   194  50', '5261418', 5, 29, 'YENNY CATALINA RAMIREZ BUSTOS', 45),
(196, 'FARMAREINA DROGUERIA SAS', '900826563', 1, 'CRA 49 C #80-225', '3116857596', 4, 1, 'VENTAS COSTA', 0),
(197, 'FISIOAYUDAS SAS', '901815291-3', 1, 'CLL 33 18-39', '3108831328', 5, 1, 'YENNY CATALINA RAMIREZ BUSTOS', 0),
(198, 'FRASCOS Y PRODUCTOS MEDICOS DE COLOMBIA SAS', '901059503', 5, 'CR  28   11  67   OF  253', '3214265980', 5, 1, 'ELIANA MARCELA VARGAS CORREA', 0),
(199, 'FRANCIA ASTRID PADILLA', '39569979', 1, 'CLL 33 4 B 21', '3207090071', 20, 1, 'VENTAS TOLIMA - HUILA', 0),
(200, 'FRIPARTS  S A S', '900315300', 5, 'CR  29   78  40', '3208413582', 5, 1, 'ELIANA MARCELA VARGAS CORREA', 0),
(201, 'GEN MEDICAL S.A.S.', '900095091', 1, 'TV 70 C BIS 77 33', '4909350', 5, 3, 'YENNY CATALINA RAMIREZ BUSTOS', 0),
(202, 'GENHOSPI SAS', '900331412', 1, 'KR  33   15  28  BRR SAN IGNACIO', '7315797', 31, 1, 'VENTAS VALLE', 45),
(203, 'GESCOM SAS', '830145023', 1, 'CL 26 A 13 97 OF 2503', '5617679', 5, 1, 'YENNY CATALINA RAMIREZ BUSTOS', 30),
(204, 'GILMA MOGOLLON DE ROMERO', '41689313', 1, 'KR  112   78  79  BRR VILLAS DE GRANADA', '2292013', 5, 3, 'YENNY CATALINA RAMIREZ BUSTOS', 0),
(205, 'GINA MARCELA VALENZUELA BOCACHICA', '528490075', 1, 'TV 21  45 D 10', '3218891073', 5, 1, 'YENNY CATALINA RAMIREZ BUSTOS', 0),
(206, 'GLOBAL BUSINESS IMPORTACIONES Y SUMINISTROS S.A.S.', '900108792', 1, 'KR  11   14   34', '5723428', 47, 1, 'VENTAS COSTA', 30),
(207, 'GOODLUCK S.A.S.', '901748241', 4, 'CR 115 20 61', '31 0 4 1 2 7 1 1 7', 7, 1, 'VENTAS VALLE', 0),
(208, 'GREGORIO CASTRO CHAVES', '342097', 4, 'CL  14   3  B  23', '3134871492', 5, 1, 'YENNY CATALINA RAMIREZ BUSTOS', 0),
(209, 'GRUPO ASISTENCIAL DE ENFERMERAS PROFESIONALES DE SOGAMOSO S.A.S', '891857881', 1, 'KR  12    11  65   CENTRO COMERCIAL JUVAL LC 24', '7702025', 42, 1, 'VENTAS BOYACA', 30),
(210, 'GRUPO DALAS SAS', '900907824', 1, 'CLE  12   6  15', '8713758', 30, 1, 'VENTAS TOLIMA - HUILA', 45),
(211, 'GRUPO EMPRESARIAL GALAXIA SAS', '807005214', 1, 'AV  4   5  02   BRR LATINO', '5715189', 12, 1, 'VENTAS SANTANDERES', 30),
(212, 'GRUPO EMPRESARIAL SANDRA S.A.S.', '900661257', 1, 'CL  45   29  60', '3854378', 4, 1, 'VENTAS COSTA', 45),
(213, 'GRUPO EMPRESARIAL VID SAS', '901285199', 1, 'KR  6   10  N  45', '3017009931', 34, 1, 'VENTAS VALLE', 30),
(214, 'GRUPO ISAJO  S A S', '901643458', 5, 'AV  CL  6   37  06', '3174362925', 5, 20, 'YENNY CATALINA RAMIREZ BUSTOS', 0),
(215, 'GRUPO S I E   S A S', '900423678', 4, 'CL  94  A   64  39', '3057058740', 5, 1, 'ELIANA MARCELA VARGAS CORREA', 0),
(216, 'GRUPO TORIN SAS', '901221096', 1, 'CL  130  A   58  A  20', '3902118', 5, 1, 'YENNY CATALINA RAMIREZ BUSTOS', 0),
(217, 'HEALTHCARE SUPPLIES & SOLUTIONS S.A.S', '901011983', 1, 'KR  18   97  34   BRR BELMONTE', '', 32, 1, 'VENTAS EJE CAFETERO', 0),
(218, 'HELEN KATHERINE HERNANDEZ LOPEZ', '1122122931', 1, 'KR  25   30  23   EL PORVENIR', '3102036684', 48, 1, 'VENTAS LLANOS', 15),
(219, 'HELIO HERNANDO HURTADO TORRES', '79810936', 1, 'CL  39  F  SUR   68  I  45  BRR VILLA NUEVA', '6015306657 - 3144441007', 5, 1, 'YENNY CATALINA RAMIREZ BUSTOS', 0),
(220, 'HENDER ALVAREZ GUERRERO', '1091655661', 1, 'CL  64   10  06   LC  2', '3102620215', 5, 10, 'YENNY CATALINA RAMIREZ BUSTOS', 0),
(221, 'HERMES MEDICAL S.A.S.', '901237390', 1, 'CENTRO INDUSTRIAL Y LOGISTICO SAN JORGE PROPIEDAD HORIZONTAL BG 47 ANILLO VIAL PALENGQUE FLORIDABLANCA KM 7', '3154359458', 18, 1, 'VENTAS SANTANDERES', 0),
(222, 'HERNAN ALBERTO OCHOA ZULETA', '8037527', 2, 'CLL 32 B 67 - 84', '2049501', 27, 1, 'VENTAS ANTIOQUIA', 60),
(223, 'HERNAN SANTOFIMIO', '5852760', 1, 'BARRIO JORDAN ETAPA 3 MANZANA 37 CASA 3 O BR JORDAN ET 3 MZ 8 CS 5', '3167418945', 20, 1, 'VENTAS TOLIMA - HUILA', 0),
(224, 'HERRAMIENTAS DE LIMPIEZA MELODY COLOMBIA S A S', '901521231', 1, 'CL  78   54  25', '3114734', 5, 1, 'VENTAS BOGOTA', 0),
(225, 'HISESA S.A.S.', '900960281', 1, 'KR  28   20  13', '6431745', 6, 1, 'VENTAS SANTANDERES', 0),
(226, 'HORTENCIA ARIAS CUERVO', '51625412', 1, 'KR  14   16  SUR  25', '3112239830', 5, 21, 'YENNY CATALINA RAMIREZ BUSTOS', 30),
(227, 'HOSPICLINIC DE COLOMBIA S.A.S.', '900309444', 1, 'CL 9 24 37', '5745739', 12, 1, 'VENTAS SANTANDERES', 45),
(228, 'HOSPIMEDICOS ESPECIALIZADOS SAS', '900492954', 1, 'CL 16 33 08 OF 202 BRR MARIDIAZ', '7298561 - 3207262344', 31, 1, 'VENTAS VALLE', 0),
(229, 'HOSPIQUIMICOS DE LA COSTA S.A.S.', '901245479', 1, 'CL  64   45  82', '3685409', 4, 1, 'VENTAS COSTA', 45),
(230, 'HUMMALAB S.A.S.', '811028717', 1, 'CALLE 7 SUR 51 A 112 BOD 202', '4445246', 27, 1, 'VENTAS ANTIOQUIA', 45),
(231, 'I M H  DISTRIBUCIONES SAS', '901152164', 1, 'CR  21   10  02  AP  301  BRR BRETA?A', '3899706', 7, 1, 'VENTAS VALLE', 0),
(232, 'IBC IMPORTACIONES LTDA', '900214694', 5, 'CL  8  SUR   70  B  65   OF  202   BRR CARVAJAL II', '7022872', 5, 1, 'MERCADEO', 0),
(233, 'IMCOLMEDICA S. A.', '860070078', 2, 'CL  36   15  18/42', '2889858', 5, 26, 'VENTAS BOGOTA', 30),
(234, 'IMPORCLINICOS LIMITADA', '804015454', 1, 'KR 7 3 03 FLORIDABLANCA', '6481679', 6, 1, 'VENTAS SANTANDERES', 45),
(235, 'IMPORTACION DE ELEMENTOS MEDICOS LTDA.', '860057406', 1, 'KR 18 39 A 50', '2455922', 5, 26, 'YENNY CATALINA RAMIREZ BUSTOS', 45),
(236, 'IMPORTADORA MEDICA DE SANTANDER S.A.S.', '900197866', 2, 'CL  67   19  13  BRR  LA  VICTORIA', '6431213', 6, 1, 'VENTAS SANTANDERES', 90),
(237, 'INDUFERRAM SAS', '900637555', 1, 'CL  10  A   72  C  33   BRR CASTILLA', '4116661', 5, 1, 'YENNY CATALINA RAMIREZ BUSTOS', 0),
(238, 'INDUMEDICA S.A.S', '900513824', 1, 'CR 51 CL 41 144 IN 101 102', '60472621543/ 3155838867', 27, 1, 'VENTAS ANTIOQUIA', 0),
(239, 'INDUSTRIA MEDICA ANDINA S.A.S.', '900321769', 1, 'calle 163 A  # 20 - 72', '7900720', 5, 27, 'YENNY CATALINA RAMIREZ BUSTOS', 60),
(240, 'INDUSTRIA TECNICA DE MADERAS SAS INTECMA SAS', '', 1, '', '', 5, 1, 'VENTAS BOGOTA', 0),
(241, 'INDUSTRIAS ALIMENTICIAS ARETAMA S.A.', '860047483', 4, 'KR 69 16 70', '2921066', 5, 13, 'YENNY CATALINA RAMIREZ BUSTOS', 15),
(242, 'INDUSTRIAS ERREGE SAS', '800031074', 5, 'CL 22 BIS 43 B 40 42', '6012448982', 5, 1, 'MERCADEO', 0),
(243, 'INDUSTRIAS MEDICAS ALFA LTDA', '900202797', 1, 'PAR LOGiSTICO 100 (!) OIKOS OCC BG B 35 ET 2', '3133217512', 11, 1, 'YENNY CATALINA RAMIREZ BUSTOS', 0),
(244, 'INGENIERIA Y CALIDAD INTEGRAL S.A.S.', '900828611', 5, 'CL  63  SUR   70  D  75  TO  8  OF  504', '3208541760', 5, 1, 'MERCADEO', 0),
(245, 'INMEDIC IMPLEMENTOS MEDICOS S.A.S.', '830067404', 1, 'KR  17   16  60   SUR', '2721810', 5, 21, 'YENNY CATALINA RAMIREZ BUSTOS', 0),
(246, 'INMEDIS SOCIEDAD POR ACCIONES SIMPLIFICADA', '900301013', 1, 'KR  14   53  30   BRR VILLACOLOMBIA', '3062146', 7, 1, 'VENTAS VALLE', 30),
(247, 'INNOVA GREEN SOLUTIONS SAS', '901432215', 1, 'KR  76   71  75', '3042012559', 5, 3, 'VENTAS BOGOTA', 30),
(248, 'INNOVAMEDICS S.A.S.', '900338342', 1, 'CL 54 18 12 VILLA CAROLINA', '8669755', 30, 1, 'VENTAS TOLIMA - HUILA', 45),
(249, 'INSTITUCION PRESTADORA DE SERVICIOS DE SALUD DOMICILIARIOS SANARTE CLINICA DE HERIDAS Y OSTOMIAS S.A', '900900693', 1, 'CL  7  A   11  50   BRR LOMA DE BOLiVAR', '5922778', 12, 1, 'VENTAS SANTANDERES', 30),
(250, 'INSULAB DIAGNOSTIC  S A S', '901325506', 1, 'CR  23   13  24   BRR BELLO HORIZONTE', '3202636767', 49, 1, 'VENTAS LLANOS', 0),
(251, 'INSUMED AJ S.A.S', '901537848', 1, 'KR  9   56  72', '3157793434', 28, 1, 'VENTAS COSTA', 0),
(252, 'INSUMEDICOS PLUS SOCIEDAD POR ACCIONES SIMPLIFICADAS SAS', '901397518', 1, 'CALLE 40 N 27-12 LOCAL 1 EDIFICIO CHAVEZ', '6076727947', 6, 1, 'VENTAS SANTANDERES', 30),
(253, 'INSUOFFICE RP SAS', '901389754', 1, 'DG  77  B   116  82   IN  1  AP  101', '7555276', 5, 3, 'YENNY CATALINA RAMIREZ BUSTOS', 0),
(254, 'INTEGRAL MEDICAL SUPPLIES S.A.S.', '901380333', 1, 'CL  19   SUR   7  135   LC  4   ZONA INDUSTRIAL', '3172800864', 30, 1, 'VENTAS TOLIMA - HUILA', 0),
(255, 'INTERCOMERCIAL MEDICA S A S', '830501223', 1, 'KR  66  A   11 07 BRR  LIMONAR', '3158701', 7, 1, 'VENTAS VALLE', 60),
(256, 'INTRAMEDICA SOCIEDAD POR ACCIONES SIMPLIFICADA', '890212398', 1, 'KR  23   35  21', '6459725', 6, 1, 'VENTAS SANTANDERES', 45),
(257, 'INVENTORY SOLUTIONS SAS', '901244866', 1, 'CR  70  C   55  33   APTO  302', '3204171867', 5, 3, 'YENNY CATALINA RAMIREZ BUSTOS', 0),
(258, 'INVERSION Y HOGAR S.A.S', '900349363', 2, 'CL  161  A   16  C   86', '7572771', 5, 29, 'YENNY CATALINA RAMIREZ BUSTOS', 30),
(259, 'INVERSIONES ABECAR S.A.S.', '830058936', 1, 'CL  170   21  A  25', '4874242', 5, 1, 'VENTAS BOGOTA', 45),
(260, 'INVERSIONES BOCACHICA DIAZ Y COMPAÑiA S EN C', '900374960', 1, 'CR  25   51  12   OF  501', '3223871208', 5, 1, 'YENNY CATALINA RAMIREZ BUSTOS', 0),
(261, 'INVERSIONES FARMASHAIO SAS', '901262389', 4, 'CL  98   70  91   OF  805  ED VARDI CENTRO EMPRESARIAL PONTEVEDRA', '6014556411', 5, 1, 'YENNY CATALINA RAMIREZ BUSTOS', 0),
(262, 'INVERSIONES LARA Y LORA S.A.S.', '900812433', 1, 'CL  57   21  B  57   P  2   LC  1', '3796277', 4, 1, 'VENTAS COSTA', 45),
(263, 'INVERSIONES NAKAAR HNOS S A S', '900967076', 1, 'VIA  40   69  58   BG  A  7', '3042881', 4, 1, 'VENTAS COSTA', 0),
(264, 'INVERSIONES VERDEZA S.A.S.', '900693844', 4, 'KR  42  F   75  B  188', '3589701', 4, 1, 'VENTAS COSTA', 15),
(265, 'INVERSIONES Y REPRESENTACIONES SERRANO GOMEZ S.A.S.', '901385146', 1, 'CL  18   11  79   BRR GAITAN', '3105397943', 47, 1, 'VENTAS COSTA', 30),
(266, 'ISACAM COMERCIALIZADORA Y DISTRIBUIDORA S A S', '900864453', 5, 'CL  116   15  B  53   OF  702', '3184007876', 5, 1, 'ELIANA MARCELA VARGAS CORREA', 0),
(267, 'JAIME MIGUEL CAMACHO SANDOVAL', '91231145', 1, 'CL 37 24 15 ED FAVUIS BRR BOLIVAR CENTRO', '6455131', 6, 1, 'VENTAS SANTANDERES', 30),
(268, 'JAMES ALDANA GALLEGO', '75146134', 1, 'CR  19   22  24', '8824536', 26, 1, 'VENTAS EJE CAFETERO', 30),
(269, 'JAMILA CUBILLOS ROMERO', '52109545', 1, 'CRA 69 C BIS 1-65', '3164372660', 5, 15, 'VENTAS BOGOTA', 0),
(270, 'JAVIER JOSE PIMIENTA GIL', '84033403', 1, 'CL  11  A   12  46   LC  3  BRR EL LIBERTADOR', '3157594577', 35, 1, 'VENTAS COSTA', 0),
(271, 'JEIDER SANCHEZ LEON', '1093740819', 4, 'CL  11   3  28   BRR CENTRO DE CUCUTA', '3133065395', 12, 1, 'VENTAS SANTANDERES', 0),
(272, 'JENNY NAYIDE LUNA PADILLA', '1106392868', 4, 'CL  33   4  B  15', '3193405188', 20, 1, 'VENTAS TOLIMA - HUILA', 0),
(273, 'JESSICA PATRICIA PATARROYO ORTIZ', '1065606115', 5, 'CR  55   152  B  68  T  1  AP  405  CONJUNTO RESERVAS DE MAZUREN', '3053695416', 5, 1, 'ELIANA MARCELA VARGAS CORREA', 0),
(274, 'JHON ANDERSON PINEDA GUEVARA', '1000988343', 4, 'CL  7   10  21   LC  2', '3213143879 - 3213143879', 30, 1, 'VENTAS TOLIMA - HUILA', 0),
(275, 'JHON BRYAN LOAIZA PATIÑO', '1088356129', 1, 'CL 34 11-56 PISO 1 GUADALUPE', '3117490398', 13, 1, 'VENTAS EJE CAFETERO', 0),
(276, 'JHON FREDY SANCHEZ GONZALES', '7717539', 1, 'CL  12   6  38   BRR CENTRO', '6088720460', 30, 1, 'VENTAS TOLIMA - HUILA', 8),
(277, 'JHONSON ANDRES MARIN QUIÑONES', '79692461', 5, 'CR  50   24  60', '3214333310', 5, 1, 'MERCADEO', 0),
(278, 'JL SOLUCIONES ADMINISTRATIVAS & TECNOLOGICAS S.A.S.', '900665515', 4, 'KR  50  A   66  43   OF  201', '9090889', 5, 7, 'YENNY CATALINA RAMIREZ BUSTOS', 0),
(279, 'JOAN ALEJANDRO MARTINEZ VARON', '1094878729', 1, 'CL 44 3 N 18 BRR POPULAR', '32628780', 7, 1, 'VENTAS VALLE', 0),
(280, 'JOHANNA MILENA TORRES RODRIGUEZ', '1110493939', 1, 'AV  FERROCARRIL   33  A  06  BRR LA FRANCIA', '3187035991', 20, 1, 'VENTAS TOLIMA - HUILA', 0),
(281, 'JOHN JAIRO HERNANDEZ SANCHEZ', '5825053', 4, 'CR  1   12  41   BRR CENTRO', '2773821', 20, 1, 'VENTAS TOLIMA - HUILA', 0),
(282, 'JOHN ROBINSON CULMA MEJIA', '93395601', 1, 'CL 58 6 06 LIMONAR', '2648749-2655967', 20, 1, 'VENTAS TOLIMA - HUILA', 30),
(283, 'JORGE ANDRES RODRIGUEZ', '79884672', 5, 'CL  138   75  60', '', 5, 25, 'VENTAS BOGOTA', 0),
(284, 'JORGE IVAN LOPEZ CARDONA', '1017178514', 1, 'Carrera  93 A # 35 B104 Barrio Santa Monica', '3015221858', 27, 1, 'VENTAS ANTIOQUIA', 30),
(285, 'JORGE STIVENS ALVAREZ CASTRO', '1052392139', 5, 'CR  7  B   11  4   BRR EL PROGRESO', '3174175172', 14, 1, 'VENTAS BOYACA', 0),
(286, 'JOSE ALONSO GIRALDO LLANO', '10233543', 1, 'CR  23   26  16', '8842527-8842355', 26, 1, 'VENTAS EJE CAFETERO', 15),
(287, 'JOSE ANTONIO ERASO RIVAS', '5199626', 1, 'CLL 12  32 77  BRR LA AURORA', '7299031', 31, 1, 'VENTAS VALLE', 45),
(288, 'JOSE ARIEL GOMEZ FRANCO', '18593046', 1, 'URB TEJARES DE LA LOMA MZ 15 CA 30', '3154038575', 13, 1, 'VENTAS EJE CAFETERO', 0),
(289, 'JOSE BERTULFO MONTOYA MUÑOZ', '71657167', 1, 'CLL 44A No 72-57', '3023286316', 27, 1, 'VENTAS ANTIOQUIA', 45),
(290, 'JOSE LUIS LEON QUINTERO', '4245617', 5, 'CL  5   70  C  28   NUEVA MARSELLA', '3118542144', 5, 1, 'MERCADEO', 0),
(291, 'JP MERCADEO S.A.S.', '900277748', 1, 'CL  53   20  33   OF  201', '3463884', 5, 26, 'YENNY CATALINA RAMIREZ BUSTOS', 0),
(292, 'JUAN CAMILO CARDONA OLMOS', '14398744', 1, 'CL  6   5  75  LA POLA', '2612358-3168743120', 20, 1, 'VENTAS TOLIMA - HUILA', 60),
(293, 'JUAN CAMILO MUÑOZ CIFUENTEZ', '1005815629', 1, 'CL  33   4  B  13   BRR LA FRANCIA', '3134785592', 20, 1, 'VENTAS TOLIMA - HUILA', 8),
(294, 'JUAN PABLO BARBOSA HOYOS', '80419436', 5, 'CR  10  B   134  B  95   BRR CEDRITOS LISBOA', '3102057108', 5, 16, 'ELIANA MARCELA VARGAS CORREA', 0),
(295, 'JUAN PABLO ZAPATA JARAMILLO', '1001232987', 1, 'KR  75   28  54  BELEN GRANADA', '4886312', 27, 1, 'VENTAS ANTIOQUIA', 0),
(296, 'KAIROS SUMINISTROS MEDICOS SAS', '901399671', 1, 'CR  8  C  BIS   164  B  19', '3108338716', 5, 29, 'MERCADEO', 0),
(297, 'KLEUR IMPRESORES S.A.S.', '901005409', 4, 'KR  65   5  A  23', '2612016', 5, 1, 'YENNY CATALINA RAMIREZ BUSTOS', 0),
(298, 'LA CASA DEL MEDICO SAS', '800019856', 1, 'KR  4  F   40  07   MZ  1   LT  3   PQUE INDUSTRIAL', '2740045', 40, 1, 'VENTAS COSTA', 45),
(299, 'LA FE DISTRIBUCIONES MEDICAS SOCIEDAD POR ACCIONES SIMPLIFICADAS', '900303927', 2, 'KR  17   13  B  BIS  05   BRR ALFONSO LOPEZ', '5898530', 47, 1, 'VENTAS COSTA', 45),
(300, 'LA MUELA S.A.S.', '804009440', 1, 'CR  7  B  BIS   124  51  BRR SANTA BARBARA', '6340022', 18, 1, 'VENTAS SANTANDERES', 45),
(301, 'LABORATORIO BRISSE Y CIA. LTDA.', '830083448', 1, 'VDA CANAVITA PREDIO EL REDIL', '8575555', 5, 1, 'ELIANA MARCELA VARGAS CORREA', 0),
(302, 'LABORATORIOS BELL FRANZ S.A.S.', '900131540', 1, 'KM  2   VIA SUBACHOQUE PAR IND SAN GREGORIO BG 11', '5466631', 24, 1, 'MERCADEO', 0),
(303, 'LABORATORIOS LIMITADA DEL ORIENTE S.A.S.', '901298922', 1, 'KR  27   32  68', '3163341755', 6, 1, 'VENTAS SANTANDERES', 30),
(304, 'LABORATORIOS OSSALUD S.A.S.', '811045767', 1, 'KM 0,3 PQUE INDUS LA REGIONAL AEROP BDG 26', '4805888', 36, 1, 'VENTAS ANTIOQUIA', 0),
(305, 'LABOTEK COLOMBIA  S A S', '900688882', 5, 'CR  66   67  B  33', '3223332', 5, 1, 'VENTAS BOGOTA', 0),
(306, 'LADY CAROLINA PEÑA DURAN', '1091052197', 4, 'CL  11   3  28  CENTRO DE CUCUTA', '3133065395', 12, 1, 'VENTAS SANTANDERES', 0),
(307, 'LEIDY DANIELA GUARIN ACEVEDO', '1052408409', 1, 'CL  15   16  25   LC  109   C C LA CALLEJA', '3007979096', 14, 1, 'VENTAS BOYACA', 15),
(308, 'LEIDY DIANA BOBADILLA CARVAJAL', '36306833', 1, 'CL 12 # 6 - 05 / 20 ESQUINA CENTRO', '8713448', 30, 1, 'VENTAS TOLIMA - HUILA', 8),
(309, 'LEONARDO ALFONSO PULIDO', '1015434858', 5, 'CL  135   95  B  21', '6807125', 5, 1, 'ELIANA MARCELA VARGAS CORREA', 0),
(310, 'LEONARDO AYARI SANCHEZ LOPEZ', '1127347492', 5, 'CL  106  B   54  89', '3148732359', 5, 1, 'YENNY CATALINA RAMIREZ BUSTOS', 0),
(311, 'LEONARDO ESTEBAN LEAL AYALA', '1031136062', 1, 'CR  8   48  95  SEDE CHAPINERO MARLY', '8045056', 5, 26, 'YENNY CATALINA RAMIREZ BUSTOS', 30),
(312, 'LEONOR ACEVEDO DE PINILLA', '39028745', 1, 'CL  13   8  C  30   SEC MERCADO', '4310312', 39, 1, 'VENTAS COSTA', 0),
(313, 'LEXA PROVEEDORA HOSPITALARIA S A S', '901012906', 1, 'CR  10   48  162   BRR MARAYA', '3218304969', 32, 1, 'VENTAS EJE CAFETERO', 60),
(314, 'LH S.A.S.', '900294380', 2, 'KM 7 + 400 ANILLO VIAL PALENQUE FLORIDABLANCA BG SAN JORGE #23', '6972333', 18, 1, 'VENTAS SANTANDERES', 30),
(315, 'LIFE SUMINISTROS MEDICOS S.A.S.', '900240177', 2, 'CL  75   72  40   BG  4  METROTEX', '3489662', 4, 1, 'VENTAS COSTA', 60),
(316, 'LIGA CONTRA EL CANCER - SECCIONAL BOGOTA', '860043211', 1, 'CL  116   15  B  08', '3186301397', 5, 29, 'MERCADEO', 45),
(317, 'LINA MARCELA TORRES MONROY', '1032387498', 1, 'CL  41   8  62', '3102105554', 5, 10, 'YENNY CATALINA RAMIREZ BUSTOS', 30),
(318, 'LINA MARCELA VALLEJO SALDARRIAGA', '1128406284', 1, 'CLL 50 No 45 - 22', '5053641', 27, 1, 'VENTAS ANTIOQUIA', 60),
(319, 'LOGISTICA INTERNACIONAL GELVEZ S.A.S.', '900702208', 1, 'AV  5  BIS   9  97  TO  1 AP  704 CONJUNTO CERRADO BARLOVENTO', '3046006768', 12, 1, 'VENTAS SANTANDERES', 30),
(320, 'LUCIA BEATRIZ RINCON URIBE', '51595564', 1, 'CL 124  7 35 OF 606', '6194484', 5, 29, 'YENNY CATALINA RAMIREZ BUSTOS', 30),
(321, 'LUIS FERNANDO AGUILAR', '19381484', 1, 'CR  6   26  35  BRR BELALCAZAR', '2667012', 20, 1, 'VENTAS TOLIMA - HUILA', 0),
(322, 'LUIS HERNANDO TOCANCHON VIVAS', '79239699', 5, 'KR  108  A   70  36', '3138484991', 5, 3, 'VENTAS TOLIMA - HUILA', 0),
(323, 'LUZ ELENA GARCIA GONZALEZ', '41927367', 1, 'KR  6   24  15', '3242747', 32, 1, 'VENTAS EJE CAFETERO', 0),
(324, 'LUZ MARIA LOZANO RIVERA', '1020739118', 1, 'MZ  28  CA  12  BRR NUEVA ANDREA CAROLINA', '3214969014', 39, 1, 'VENTAS COSTA', 0),
(325, 'LUZ STELLA RESTREPO URIBE', '32431462', 4, 'CL 53 45 44', '5131859', 27, 1, 'VENTAS ANTIOQUIA', 0),
(326, 'MANPOWER COMPAÑiA INTEGRAL DE SERVICIOS S.A.S.', '900529261', 1, 'TV 73 D 38 B 05 SUR PS 2 CIUDAD KENNEDY', '4030434', 5, 1, 'YENNY CATALINA RAMIREZ BUSTOS', 0),
(327, 'MANUFACTURAS CAPITEX S.A.S.', '900450642', 5, 'KR  78  A   72  A  41', '4774010', 5, 1, 'MERCADEO', 0),
(328, 'MARCELA CECILIA GUERRERO RODRIGUEZ', '1014179275', 1, 'CL 74  A   81  A  69   BRR TABORA OF  201', '5408866', 5, 3, 'YENNY CATALINA RAMIREZ BUSTOS', 0),
(329, 'MARCELO DIAZ MARTINEZ', '4202708', 1, 'SEC SWAMP GROUND 16 30', '3105809033', 38, 1, 'VENTAS COSTA', 0),
(330, 'MARIA ALEJANDRA AVENDAÑO CANO', '1152446275', 5, 'Cra 85d #53-20 Edificio Punta Luna Apt 503', '3023973132', 27, 1, 'VENTAS ANTIOQUIA', 0),
(331, 'MARCO ANTONIO CASTRO FIRIGUA', '93420986', 1, 'CL  11   13  26   LC  206', '3426835', 5, 9, 'YENNY CATALINA RAMIREZ BUSTOS', 0),
(332, 'MARIA CRISTINA ARTUNDUAGA OSPINA', '65763919', 1, 'CR  6   28  08  ESQUINA', '3105851515', 20, 1, 'VENTAS TOLIMA - HUILA', 0),
(333, 'MARIA DE JESUS FABIOLA HERRERA PEDRAZA', '51568093', 1, 'KR 53 C 131 A 91 AP 1001 TORRE SAN RAFAEL', '4670183-3102213071', 5, 1, 'YENNY CATALINA RAMIREZ BUSTOS', 0),
(334, 'MARIA DEL CARMEN JIMENEZ AMAYA', '21235219', 1, 'KR 17   37 A 29 LC 1 BRR SANTA HELENA', '3102787701', 48, 1, 'VENTAS LLANOS', 0),
(335, 'MARIA GLORIA BONILLA BARRERA', '46361056', 1, 'CL  8   11  35', '7726687', 42, 1, 'VENTAS BOYACA', 45),
(336, 'MARIA ORTENCIA FONSECA GOMEZ', '23914559', 1, 'CL  9   34-33   P  2  LC  202', '3115721066', 14, 1, 'VENTAS BOYACA', 0),
(337, 'MARIA PAULA TORRES CARDENAS', '10005838507', 1, 'CRA 1 # 16-21 CENTRO', '3002278709', 20, 1, 'VENTAS TOLIMA - HUILA', 0),
(338, 'MARTHA LORENA RAMIREZ ZUÑIGA', '52715656', 1, 'CRA 4 TAMANA # 31 68 LC 2', '3107788602', 20, 1, 'VENTAS TOLIMA - HUILA', 0),
(339, 'MARTHA SOCORRO LOAIZA ESCOBAR', '30294596', 1, 'CL  70   27  95   LA CORU?A B PALERMO', '8901490', 26, 1, 'VENTAS EJE CAFETERO', 0),
(340, 'MAS QUE INSUMOS SAS', '901098709', 2, 'KR  30   31  60', '6989968', 6, 1, 'VENTAS SANTANDERES', 30),
(341, 'MAS SALUD I P S LIMITADA', '802021040', 1, 'KR 47 80 172 BRR EL PORVENIR', '3197770 - 3197773', 4, 1, 'VENTAS COSTA', 45),
(342, 'MATFARMA SAS ZOMAC', '901383818', 1, 'CL  1   15  77', '3006279046', 1, 1, 'VENTAS COSTA', 0),
(343, 'MAURO ROLANDO PINEDA CUERVO', '1023869654', 1, 'CL  16   9  64   LC  10   CC INVERSIONES EL CERR', '3112915736', 5, 9, 'YENNY CATALINA RAMIREZ BUSTOS', 0),
(344, 'MAX MEDICAL S.A.S', '901110159', 1, 'CALLE 50 # 45-32', '2519659', 27, 1, 'VENTAS ANTIOQUIA', 30),
(345, 'MEDCORP DISTRUBUCIONES S A S', '900810490', 1, 'CL 17 14 A 25 TO 3 AP 614', '3 162810109', 10, 1, 'VENTAS BOGOTA', 0),
(346, 'MEDI HEALTH DE COLOMBIA S.A.S.', '900298567', 1, 'CL  33   4  B  11   BRR FEDERICO LLERAS', '3164802279', 20, 1, 'VENTAS TOLIMA - HUILA', 90),
(347, 'MEDICAL HELP SAS', '900335064', 1, 'PA CAMINO A CONDINA CA 26 KM 10 VIA ARMENIA', '3205487-3187771041', 32, 1, 'VENTAS EJE CAFETERO', 0),
(348, 'MEDICAL PRINTER S A S', '901563697', 1, 'AV GRAN COLOMBIA 3 E 66 B POPULAR', '5750484', 12, 1, 'VENTAS SANTANDERES', 30),
(349, 'MEDICANESTESIA S.A.', '860350624', 1, 'AV 9 116 20 OF 740', '6122362', 5, 1, 'YENNY CATALINA RAMIREZ BUSTOS', 0),
(350, 'MEDICLINICOS LIMITADA', '830511317', 1, 'CL  33   4  A  93  FEDERICO LLERAS', '6082652559 - 3153755715', 20, 1, 'VENTAS TOLIMA - HUILA', 0),
(351, 'MEDICOX LTDA.', '830142523', 2, 'CL  66   19  36   OF  301   BRR RAFAEL URIBE', '3125492', 5, 7, 'VENTAS BOGOTA', 30),
(352, 'MEDIFE ARMENIA LTDA.', '801005062', 1, 'KR 14 2 NORTE 16', '7464435', 3, 1, 'VENTAS EJE CAFETERO', 30),
(353, 'MEDIHOSPITALARIOS SAS', '900411678', 1, 'KR  23  D   69  21  ALTO PALERMO', '8877220', 26, 1, 'VENTAS EJE CAFETERO', 45),
(354, 'MEDIMARCAS S.A.S.', '830512218', 2, 'KR  21   22  47   CENTRO', '2751122', 40, 1, 'VENTAS COSTA', 45),
(355, 'MEDQUICOL SAS', '900695167', 1, 'CL  20  C   93  25   IN  8   AP  404', '4838916', 5, 1, 'YENNY CATALINA RAMIREZ BUSTOS', 15),
(356, 'MEGAFARMA DISTRIBUCIONES S.A.S.', '901231534', 1, 'CL  36   7  63   BRR LAS GRANJAS', '3103745315', 30, 1, 'VENTAS TOLIMA - HUILA', 30),
(357, 'MELANIA INES HERRERA DE MARIN', '26385198', 1, 'CL  15   6  35', '3358240', 32, 1, 'VENTAS EJE CAFETERO', 30),
(358, 'MICRO BIO S A S', '901447953', 4, 'CARRERA 83 22 18', '3214086628', 5, 1, 'VENTAS BOGOTA', 0),
(359, 'MILTON VLADIMIR MARIN JARAMILLO', '71789080', 1, 'Cll 49 A # 44 -55', '4406090', 27, 1, 'VENTAS ANTIOQUIA', 0),
(360, 'MULTIBELLA COSMETIC S.A.S.', '900377484', 1, 'KR  16   51  13', '7550908', 5, 1, 'YENNY CATALINA RAMIREZ BUSTOS', 0),
(361, 'MULTIDIDACTICOS ABC SAS', '901588986', 1, 'CL  57   44  176', '3044624520', 4, 1, 'VENTAS COSTA', 0),
(362, 'NEUROVIRTUAL COLOMBIA LIMITADA', '900275035', 5, 'CL  79   16  A  20   OF  608', '3208499438', 5, 1, 'MERCADEO', 0),
(363, 'NICOLAS AUGUSTO ARISTIZABAL PACHON', '10278152', 1, 'CARRERA  21  #  31 -  09 (Primer timbre  de la parte de abajo)', '8807312', 26, 1, 'VENTAS EJE CAFETERO', 0),
(364, 'NORMEDICAS S.A.S.', '890506253', 1, 'AV GRAN COLOMBIA 3 E 60 POPULAR', '5750925', 12, 1, 'VENTAS SANTANDERES', 60),
(365, 'OCCIMEDICAL S.A.S.', '901445432', 1, 'CARRERA 28 # 41 A - 40 BRR ALAMOS', '8958840', 26, 1, 'VENTAS EJE CAFETERO', 0),
(366, 'OCMEDICA S A S', '830015354', 1, 'CR  19  B   84  31   OF  301', '6013402170', 5, 1, 'ELIANA MARCELA VARGAS CORREA', 0),
(367, 'OHM MEDICAL SAS', '900797173', 2, 'CL  79  B   42  F  66', '(605) 3059577 - 2517227 CELULARES: 3157243694 - 31', 4, 1, 'VENTAS COSTA', 45),
(368, 'OPERANDO MEDICOS & QUIRURGICOS S.A.', '900319471', 2, 'CR  32  W   71  68  BG  22  PROVINCIA DE SOTO 1', '6373050', 18, 1, 'VENTAS SANTANDERES', 60),
(369, 'ORGANIZACIoN LOGISTICA FARMACEUTICA CLINIFARMA SAS', '900933725', 1, 'CL  33  SUR   22  21   LT  2   MZ  3', '3004435280 - 3209706500', 30, 1, 'VENTAS TOLIMA - HUILA', 0),
(370, 'ORGANIZACIoN VISION GLOBAL S.A.S.', '900582857', 1, 'KR  56   153  84   TO  1   AP  1201', '7595452', 42, 1, 'VENTAS BOYACA', 0),
(371, 'ORTHOMEDIKAL CENTER SAS', '901638580', 1, 'CL  90   94  P  07   CA  105', '3108722649', 5, 3, 'YENNY CATALINA RAMIREZ BUSTOS', 0),
(372, 'ORTO MEDICAL JYV SAS', '901496470', 1, 'KR  18   12  79   LC  142', '3222183769', 5, 4, 'YENNY CATALINA RAMIREZ BUSTOS', 30),
(373, 'ORTOPEDIA CENOP SAS', '90064472', 4, 'KR 80   36  43 BRR LAURELES', '3223266', 27, 1, 'VENTAS ANTIOQUIA', 0),
(374, 'ORTOPEDICOS DISALUD SAS', '901091299', 1, 'TV  93   53  32   IN  4', '7462313', 5, 10, 'YENNY CATALINA RAMIREZ BUSTOS', 30),
(375, 'ORTOPEDICOS PERFECCION Y SALUD SAS', '901185814', 1, 'CR  99   20  C  02', '8119124', 5, 13, 'YENNY CATALINA RAMIREZ BUSTOS', 0),
(376, 'ORTOPEDICOS SAN JOSE SAS', '901575704', 1, 'CR  18   9  80', '3203925851', 5, 9, 'YENNY CATALINA RAMIREZ BUSTOS', 0),
(377, 'OSCAR RENE ANGULO TORRES', '79124380', 5, 'CR  24   14  18', '3134692780', 5, 3, 'MERCADEO', 0),
(378, 'OSTEOMATERIAL S.A.S.', '900325997', 1, 'KR 17 A 15 132 BRR SAN VICENTE', '5809870 - 3003195790', 47, 1, 'VENTAS COSTA', 60),
(379, 'OXIMEDICA SABANA SAS', '901192646', 1, 'CR  3   15  A  24', '8287684', 29, 1, 'YENNY CATALINA RAMIREZ BUSTOS', 0);
INSERT INTO `cliente` (`cli_id`, `cli_nombre`, `cli_nit`, `id_clasificacion`, `cli_direccion`, `cli_telefono`, `cli_ciudad`, `cli_zona`, `cli_asesor_nombre`, `cli_pp_sistema`) VALUES
(380, 'PABONI DE COLOMBIA S.A.S', '800159776', 5, 'CL  63  A   70  62', '4322142', 5, 1, 'ELIANA MARCELA VARGAS CORREA', 0),
(381, 'PANAMERICANA LIBRERiA Y PAPELERIA S.A.', '830037946', 1, 'CR  34   12  37', '3649000', 5, 20, 'YENNY CATALINA RAMIREZ BUSTOS', 45),
(382, 'PAÑALERA Y DROGUERIA ANGELA EL TALIBAN S.A.S.', '900170626', 1, 'CL  13   18  41  BRR CENTRO', '2472541', 5, 9, 'YENNY CATALINA RAMIREZ BUSTOS', 30),
(383, 'PARACLINICAS Y MEDICOS S A S', '901590371', 1, 'CL  14   1  42   BRR LA PLAYA', '6075720591', 12, 1, 'VENTAS SANTANDERES', 30),
(384, 'PAULA ANGELICA OJEDA CAICEDO', '1022420045', 5, 'CR  36  A   56  61   SUR  AP  501  IN 7', '3023919983', 5, 28, 'ELIANA MARCELA VARGAS CORREA', 0),
(385, 'PAULO FELIPE GOMEZ GUERRERO', '79810615', 1, 'CL  150   45  29', '4753199', 5, 25, 'YENNY CATALINA RAMIREZ BUSTOS', 0),
(386, 'PCC PROCESADORA COLOMBIANA DE CARNES SAS', '900170958', 1, 'KM 2 5 VIA SIBERIA VDA LAS PARCELAS PARQUE INDUSTRIAL LUTRANSA BOD 8 9', '7450672', 11, 1, 'YENNY CATALINA RAMIREZ BUSTOS', 30),
(387, 'PHARMANAR SAS', '901387090', 1, 'CL  20   27  A  20   BRR LAS CUADRAS', '3116054105', 31, 1, 'VENTAS VALLE', 0),
(388, 'PILAR PATRICIA PALOMO NEGRETTE', '1067836847', 1, 'TV  74  F   40  B  79   SUR KENNEDY', '4035964', 5, 1, 'YENNY CATALINA RAMIREZ BUSTOS', 0),
(389, 'PLASTIPACK S.A.', '860035198', 1, 'CL 11 68 B 50', '4136011', 5, 1, 'YENNY CATALINA RAMIREZ BUSTOS', 0),
(390, 'POLIMEDIC\'S FARMACEUTICA S.A.S.', '800151064', 1, 'CALLE 77 No 28B-33', '2405051', 5, 1, 'YENNY CATALINA RAMIREZ BUSTOS', 45),
(391, 'PREVENCION EN RIESGOS OPERATIVOS S.A.S.', '900397252', 1, 'CL  1  D  BIS   25  A  41', '8013050', 5, 1, 'YENNY CATALINA RAMIREZ BUSTOS', 0),
(392, 'PRIME MEDICAL S.A.S', '901321694', 1, 'CR  66  A   11  59  BG  PRIMER PISO', '3218309772', 7, 1, 'VENTAS VALLE', 60),
(393, 'PROCESADORA DE ALIMENTOS NUTRY DAIRY SAS', '901383386', 3, 'KR 8 70-26 LT 3', '3112374473', 46, 1, 'VENTAS BOYACA', 0),
(394, 'PROCIENTIFICA DE COLOMBIA SAS', '891408710', 1, 'CL  23   6  31', '3344151', 32, 1, 'VENTAS EJE CAFETERO', 30),
(395, 'PRODUCCION DE EVENTOS 911 S A S', '900199025', 5, 'CL  108   8  21', '31412263894', 5, 1, 'ELIANA MARCELA VARGAS CORREA', 0),
(396, 'PRODUCLINICOS DEL SUR LTDA.', '800255008', 1, 'CL 14 5 35 BRR CENTRO NEIVA', '8748378', 30, 1, 'VENTAS TOLIMA - HUILA', 0),
(397, 'PRODUCTORA Y COMERCIALIZADORA ODONTOLOGICA NEW STETIC S.A.', '890900267', 1, 'Aut. Med - Bog km 19 al lado los Kioscos', '5201260', 19, 1, 'VENTAS ANTIOQUIA', 45),
(398, 'PRODUCTOS MORGAN S A S', '800133749', 5, 'AUT MEDELLIN KM 7 COSTADO NORTE', '6018966276', 44, 1, 'MERCADEO', 0),
(399, 'PRODUCTOS Y SUMINISTROS  S A S', '830049630', 1, 'AUT MEDELLiN KM 7 COSTADO OCCIDENTAL PAR INDUSTRIAL CELTRA TRADE PARK BG 143 B - 1', '3202038988', 17, 1, 'VENTAS BOGOTA', 45),
(400, 'PROMEDICAL SURGICAL SOCIEDAD POR ACCIONES SIMPLIFICADAS', '901452373', 1, 'CR 100 16-84 Local 2', '3014290116', 7, 1, 'VENTAS VALLE', 0),
(401, 'PROMEFAR DISTRIBUCIONES PRODUCTOS MEDICOS FARMACEUTICOS S.A.S.', '804013374', 1, 'CL  50   26  36   LC  1', '6832207', 6, 1, 'VENTAS SANTANDERES', 45),
(402, 'PROMOTION FACTORY S.A.S', '900038404', 4, 'CL  5  A   63  14', '4142762', 5, 1, 'VENTAS BOGOTA', 0),
(403, 'PROQUILAB  S A S', '800224359', 4, 'CR  28  B   71  54', '6013202551', 5, 1, 'ELIANA MARCELA VARGAS CORREA', 0),
(404, 'PUNTO MEDICAL DISTRIBUCIONES SAS', '900567172', 1, 'CR  20   33  A  32', '6017226994', 5, 26, 'YENNY CATALINA RAMIREZ BUSTOS', 0),
(405, 'PUNTO MEDICO DISTRIBUCIONES DE COLOMBIA S.A.S.', '900343620', 1, 'KR  15  A   5  A  18   BRR VALENCIA', '8216044 - 8228376-8215171', 34, 1, 'VENTAS VALLE', 45),
(406, 'R.D.F. S.A.S', '802008470', 1, 'KR 44 90 155', '3576262', 4, 1, 'VENTAS COSTA', 45),
(407, 'RAFAEL ANTONIO SALAMANCA', '17068260', 2, 'TV  93   51  98   BG  18   PARQ EMPRES PTA DEL SOL', '7432597', 5, 3, 'YENNY CATALINA RAMIREZ BUSTOS', 30),
(408, 'RAMON PLAST S.A.S.', '900460635', 1, 'CL 31 42 D 35', '3795644', 4, 1, 'VENTAS COSTA', 30),
(409, 'REM EQUIPOS INGENIERIA BIOMEDICA S.A.S', '900805675', 1, 'KR 12 A 14 34', '7447432', 46, 1, 'VENTAS BOYACA', 0),
(410, 'RENATO FRANCISCO GUIDA DE ANDREIS', '1 2560674', 1, 'CR 34 51 79 P 1', '3184870038', 6, 1, 'VENTAS SANTANDERES', 0),
(411, 'REPREFARCOS S A S', '901214435', 1, 'CR  21   24  24  BRR ALARCON', '6344286', 6, 1, 'VENTAS SANTANDERES', 60),
(412, 'REPRESENTACIONES M&M MEDICAL S.A.S.', '901265748', 1, 'CL  32   29  17   BRR LA AURORA', '3153761841', 6, 1, 'VENTAS SANTANDERES', 0),
(413, 'REPRESENTACIONES MV S.A.S.', '900432067', 1, 'CL  62  N   5  N  21   BRR CALIMA', '6810986-4462287', 7, 1, 'VENTAS VALLE', 30),
(414, 'RODRIGO LINARES SUAREZ', '79530478', 1, 'KR 17 14 A 35 BRR RESTREPO', '3729282', 5, 21, 'YENNY CATALINA RAMIREZ BUSTOS', 30),
(415, 'RUTH CRISTINA MENDEZ LOZANO', '65758236', 4, 'CL  33   4  A  103   LC  3  BRR LA FRANCIA', '3202098008', 20, 1, 'VENTAS TOLIMA - HUILA', 0),
(416, 'RUTH MESA DURAN', '38256712', 1, 'CR 4  D   39  60  BRR MACARENA ALTA', '2701552', 20, 1, 'VENTAS TOLIMA - HUILA', 0),
(417, 'S&S SUMINISTROS EMPRESARIALES SAS', '900585357', 1, 'CARRERA 90 # 23j ? 22 HAYUELOS BODEGA 4107', '6951221', 5, 14, 'YENNY CATALINA RAMIREZ BUSTOS', 0),
(418, 'SALE PHARMA COLOMBIA SAS', '900307619', 1, 'CL  74   86  40   TO  2   AP  915', '6013654737', 5, 1, 'YENNY CATALINA RAMIREZ BUSTOS', 0),
(419, 'SALUD MEDYCAL S.A.S.', '900333306', 5, 'CL  65   19  49', '217057', 5, 7, 'MERCADEO', 0),
(420, 'SAMIR HERNANDO MENDEZ PEREZ', '78748131', 1, 'CL  32   6  51   LC  2', '7811421', 28, 1, 'VENTAS COSTA', 45),
(421, 'SANDRA LORENA CRUZ SANDOVAL', '1057594464', 1, 'KR  10   13  09', '3043325837', 42, 1, 'VENTAS BOYACA', 0),
(422, 'SANDRA MILENA RAMIREZ LEON', '52918946', 1, 'CR  117  A   63  B  46', '4410380', 5, 3, 'YENNY CATALINA RAMIREZ BUSTOS', 15),
(423, 'SANDRA PAULINA VARON PALOMINO', '20982932', 1, 'CL 33 # 4A 41 HOSP FEDERICO LLERAS BR LA FRANCIA', '3133473903', 20, 1, 'VENTAS TOLIMA - HUILA', 0),
(424, 'SANDRA SANDOVAL RODRIGUEZ', '51978707', 1, 'KR 10 13 09', '320 3439787', 42, 1, 'VENTAS BOYACA', 0),
(425, 'SANDRA YAZMIN LEAL AYALA', '52739725', 1, 'KR 10 1 70 SUR', '8045056', 5, 26, 'YENNY CATALINA RAMIREZ BUSTOS', 0),
(426, 'SAURIE ASTRIDT GAMBA AYALA', '52112243', 4, 'CR  9   19  A  89', '8615105-87', 10, 1, 'YENNY CATALINA RAMIREZ BUSTOS', 15),
(427, 'SEGNAL SAS', '901159705', 5, 'CL  17  A   54  21   P  2', '3107943350', 5, 1, 'MERCADEO', 0),
(428, 'SEGURIDAD AMBIENTAL Y PROTECCIoN INDUSTRIAL SAS', '901249198', 5, 'CL  167  A   47  19  LC  21  CC PLAZA CIENTO SESENTA Y SIETE ALM', '3164292679', 5, 1, 'ELIANA MARCELA VARGAS CORREA', 0),
(429, 'SEGURIDAD MAGISTRAL DE COLOMBIA LTDA', '900352904', 5, 'CL 62 26 A 28', '3907799', 5, 1, 'ELIANA MARCELA VARGAS CORREA', 0),
(430, 'SENAIDA BUENO SANCHEZ', '20743565', 1, 'CL  49   9  65', '2875821', 5, 10, 'YENNY CATALINA RAMIREZ BUSTOS', 15),
(431, 'SENFARMA S.A.S.', '900608408', 1, 'CL  9  SUR    25  51   P  2', '9423932', 5, 1, 'YENNY CATALINA RAMIREZ BUSTOS', 0),
(432, 'SERFAR LIMITADA', '900161924', 1, 'CL  91   46  141', '3100330', 4, 1, 'VENTAS COSTA', 45),
(433, 'SEROPLAX SAS', '860065529', 1, 'CR  73  A  BIS   5  11  SUR', '6017040025', 5, 15, 'MERCADEO', 60),
(434, 'SERVINDUSTRIAS V&M SAS', '900971696', 1, 'KR  19   56  A  80  SUR  BRR SAN CARLOS', '3017204135', 5, 1, 'YENNY CATALINA RAMIREZ BUSTOS', 0),
(435, 'SIDEN  S.A.S.', '800000250', 1, 'KR  68  H    74  B   48', '3118441', 5, 3, 'YENNY CATALINA RAMIREZ BUSTOS', 0),
(436, 'SINCROSLAB S.A.S', '900647410', 1, 'CL  65   71  73', '5402267-4360055-3164993893', 5, 3, 'YENNY CATALINA RAMIREZ BUSTOS', 0),
(437, 'SOCIEDAD COMERCIALIZADORA Y DISTRIBUIDORA ESTRENA LTDA.', '830061923', 1, 'KR  23   65  31', '3101580', 5, 7, 'YENNY CATALINA RAMIREZ BUSTOS', 45),
(438, 'SOCIEDAD MEDIBLANC S A S', '806015617', 1, 'BRR PIE DE LA POPA CL 30 20 188', '6583016', 8, 1, 'VENTAS COSTA', 45),
(439, 'SOLUCIONES AMBIENTALES E INDUSTRIALES SAS', '900153744', 5, 'Calle 10 No 81B 55 Casa 130', '3059271', 5, 15, 'VENTAS BOGOTA', 0),
(440, 'SOLUCIONES INTEGRALES  A D  SAS', '901099846', 1, 'CR  5   29  32   LC  133  CC LA QUINTA', '3123329162', 20, 1, 'VENTAS TOLIMA - HUILA', 0),
(441, 'SOLUCIONES MEDICAS DEL EJE CAFETERO S.A.S.', '900593392', 1, 'MZ 6 BG 4 PARQUE INDUSTRIAL LA', '63302189', 13, 1, 'VENTAS EJE CAFETERO', 30),
(442, 'STEFANIA JABELA CASTRO', '1005911067', 1, 'MZ  D  CA  13  CON  GIRASOL DEL VERGEL', '3197490418', 20, 1, 'VENTAS TOLIMA - HUILA', 0),
(443, 'STELLA CUERVO DE DIAZ', '40018305', 1, 'KR 10 22 96', '7443476', 46, 1, 'VENTAS BOYACA', 0),
(444, 'SUMECAR DC SAS', '900397583', 1, 'CR  7   180  75   MD  1   BG  22', '6016794442', 5, 1, 'YENNY CATALINA RAMIREZ BUSTOS', 0),
(445, 'SUMICLINICOS E.U.', '822007156', 1, 'KR 50 C   12 A  31   SUR URB SERRAMONTE VI', '6618589', 48, 1, 'VENTAS LLANOS', 0),
(446, 'SUMINISTRADORA DE MEDICAMENTOS DEL CARIBE S.A.', '806009848', 1, 'KR 21 29 B 70 BRR PIE DE LA POPA CALLEJON LEQUERICA', '6475680', 8, 1, 'VENTAS COSTA', 45),
(447, 'SUMINISTROS INTEGRALES DE COLOMBIA SICOL S.A.S.', '900465825', 1, 'KR  25   30  23', '3144133993', 48, 1, 'VENTAS LLANOS', 15),
(448, 'SUMINISTROS JUBILE SAS', '901372586', 4, 'KR 43 E 13-31', '3137184604', 27, 1, 'VENTAS ANTIOQUIA', 0),
(449, 'SUMINISTROS Y DOTACIONES COLOMBIA S.A. S Y D COLOMBIA S.A.', '802000608', 2, 'KR  43   80  59', '035-3302424', 4, 13, 'VENTAS COSTA', 45),
(450, 'SUMITODO  S.A.S', '830098253', 4, 'CL 64 J 77 C 44 BRR VILLA LUZ', '2233711', 5, 1, 'YENNY CATALINA RAMIREZ BUSTOS', 15),
(451, 'SUPLIMAX DEL CARIBE SAS', '901455459', 1, 'CR  49  C   74  121  BRR PRADO', '3855257', 4, 1, 'VENTAS COSTA', 30),
(452, 'SURTI PAPER SAS', '901504864', 1, 'CR  70   31  61  SUR   OF  202', '3107594015', 5, 1, 'YENNY CATALINA RAMIREZ BUSTOS', 0),
(453, 'SURTI SALUD DE LA COSTA LTDA.', '900203672', 1, 'KR 42 F 75 B 124 LC 5', '3013548310', 4, 1, 'VENTAS COSTA', 45),
(454, 'SURTIEXTINTORES Y PARTES S.A.S', '901241019', 1, 'CL  63   14  19   LC  303   TO  3   TORRES DE SAN MATEO', '3377143', 32, 1, 'VENTAS EJE CAFETERO', 0),
(455, 'SURTIMED SUMINISTROS S.A.S.', '900746878', 1, 'CL 35 14 49 BRR LA FLORESTA', '7827471', 5, 1, 'VENTAS BOGOTA', 30),
(456, 'TECHNOMEDICAL S.A.S', '900311634', 1, 'MAMONAL KM 1 KR 56 7 C 39 BLOC PORT CENTRO LOGISTICO BG 43 Y 44 LC 39', '3114157251', 8, 1, 'VENTAS COSTA', 0),
(457, 'TECNOMEDICA MD S.A.S.', '900494362', 1, 'CR 43B 23 92 CENTRO LOGISTICO SAN MIGUEL', '4449870 - 604 444 98 70 ', 27, 1, 'VENTAS ANTIOQUIA', 45),
(458, 'TECNOMEDICOS JS S A S', '901531343', 1, 'CL  50   45  56   IN  206', '6042510643', 27, 1, 'VENTAS ANTIOQUIA', 0),
(459, 'TIENDA MEDICA MEDELLIN S.A.S.', '900132642', 1, 'CALLE 48 B # 81 A 24 CALASANZ', '4449351', 27, 1, 'VENTAS ANTIOQUIA', 30),
(460, 'TU SALUD SAS', '901681728', 1, 'CL  66   15  19', '3116859885', 5, 7, 'YENNY CATALINA RAMIREZ BUSTOS', 0),
(461, 'UNITED AIRLINES INC', '900496730', 4, 'AEROPUERTO EL DORADO P 2 OF 201', '18009440219', 5, 1, 'YENNY CATALINA RAMIREZ BUSTOS', 45),
(462, 'VENO - ESTIL SAS.', '900854248', 1, 'CL  9  B   40  A  44', '3006749154', 7, 1, 'VENTAS VALLE', 0),
(463, 'VEYALTHI GROUP SAS', '830119211', 1, 'CL  51   72  A   28', '2950122', 5, 1, 'VENTAS BOGOTA', 30),
(464, 'VINARES DISTRIBUCIONES SAS', '901446108', 1, 'CL  33   CR  66  B   158', '5579509', 27, 1, 'VENTAS ANTIOQUIA', 0),
(465, 'VITALMED DE COLOMBIA SAS', '900464984', 1, 'KRA 37 18 115 BRR PALERMO', '7312871', 31, 5, 'VENTAS VALLE', 45),
(466, 'VITALPHARMA DEL CARIBE S.A.S.', '900955389', 1, 'CR  45   70  162  LC  12', '304 550 6133', 4, 1, 'VENTAS COSTA', 30),
(467, 'WENDY VANESSA CUBILLOS CAVANZO', '1013625274', 1, 'CL 55 SUR 72 A 32 BRR OLARTE', '9274417', 5, 2, 'VENTAS BOGOTA', 30),
(468, 'WILFERTEC S.A.S.', '901384593', 1, 'KR  7   22  A   27   LC  1', '3143423214', 46, 1, 'VENTAS BOYACA', 0),
(469, 'WILLIAM GARZON', '79731223', 5, 'CL  46   12  16', '3160407929', 5, 1, 'MERCADEO', 0),
(470, 'WILLIAM ROBAYO USECHE', '79278754', 5, 'CL  18  A   78  35   T  5 621 CONJUNTO LA ALAMEDA', '2653786 - 3008761172', 5, 14, 'ELIANA MARCELA VARGAS CORREA', 0),
(471, 'WILSON ALBERTO BARON TORRES', '7714612', 4, 'CL  17   8  22   BRR CAMPO NU?EZ', '3184814379', 30, 1, 'VENTAS TOLIMA - HUILA', 0),
(472, 'YANIRA ANDREA CHAVEZ MORENO', '52850913', 1, 'KR  18   12  79   LC  142  CC FERROCARRIL', '3222183769', 5, 9, 'YENNY CATALINA RAMIREZ BUSTOS', 15),
(473, 'YENNIFER ALEJANDRA ROJAS GONZALEZ', '1094945069', 1, 'CL  66   15  19   LC  1', '5471613', 5, 1, 'YENNY CATALINA RAMIREZ BUSTOS', 0),
(474, 'YOMA INVERSIONES Y DISTRIBUCIONES SAS', '901156099', 1, 'CL 48 N 99 A 74', '2530760', 27, 1, 'VENTAS ANTIOQUIA', 0),
(475, 'YORLY YAMIRA MESA URREA', '20750453', 1, 'TV 74 F  40 B  45  SUR', '2640246', 5, 15, 'YENNY CATALINA RAMIREZ BUSTOS', 0),
(476, 'YULI MARCELA GIL PEREZ', '1110535815', 1, 'KR  4  C   37  12   BRR MAGISTERIO', '3197265684', 20, 1, 'VENTAS TOLIMA - HUILA', 30),
(477, 'ZEGEN SUMINISTROS MEDICOS SAS', '901261261', 1, 'CL  173   45  96', '3134058917', 5, 25, 'YENNY CATALINA RAMIREZ BUSTOS', 30);

-- --------------------------------------------------------

--
-- Estructura de tabla para la tabla `cliente_ciudad`
--

CREATE TABLE `cliente_ciudad` (
  `c_c_id` int(5) NOT NULL,
  `c_c_nombre` varchar(200) NOT NULL
) ENGINE=InnoDB DEFAULT CHARSET=utf8mb4 COLLATE=utf8mb4_general_ci;

--
-- Volcado de datos para la tabla `cliente_ciudad`
--

INSERT INTO `cliente_ciudad` (`c_c_id`, `c_c_nombre`) VALUES
(1, 'Aguachica'),
(2, 'Apartado'),
(3, 'Armenia'),
(4, 'Barranquilla'),
(5, 'Bogota D.C.'),
(6, 'Bucaramanga'),
(7, 'Cali'),
(8, 'Cartagena'),
(9, 'Cartago'),
(10, 'Chia'),
(11, 'Cota'),
(12, 'Cucuta'),
(13, 'Dosquebradas'),
(14, 'Duitama'),
(15, 'Florencia'),
(16, 'Floridablanca'),
(17, 'Funza'),
(18, 'Giron'),
(19, 'Guarne'),
(20, 'Ibague'),
(21, 'Itagüí'),
(22, 'La Estrella'),
(23, 'La Plata'),
(24, 'Madrid'),
(25, 'Magangue'),
(26, 'Manizales'),
(27, 'Medellin'),
(28, 'Monteria'),
(29, 'Mosquera'),
(30, 'Neiva'),
(31, 'Pasto'),
(32, 'Pereira'),
(33, 'Pitalito'),
(34, 'Popayan'),
(35, 'Riohacha'),
(36, 'Rionegro'),
(37, 'Sabaneta'),
(38, 'San Andres'),
(39, 'Santa Marta'),
(40, 'Sincelejo'),
(41, 'Soacha'),
(42, 'Sogamoso'),
(43, 'Soledad'),
(44, 'Tenjo'),
(45, 'Tocancipa'),
(46, 'Tunja'),
(47, 'Valledupar'),
(48, 'Villavicencio'),
(49, 'Yopal'),
(50, 'Zipaquira');

-- --------------------------------------------------------

--
-- Estructura de tabla para la tabla `cliente_clasificacion`
--

CREATE TABLE `cliente_clasificacion` (
  `cli_cla_id` int(5) NOT NULL,
  `cli_cla_clasificacion` varchar(50) NOT NULL
) ENGINE=InnoDB DEFAULT CHARSET=utf8mb4 COLLATE=utf8mb4_general_ci;

--
-- Volcado de datos para la tabla `cliente_clasificacion`
--

INSERT INTO `cliente_clasificacion` (`cli_cla_id`, `cli_cla_clasificacion`) VALUES
(1, 'Distribuidor'),
(2, 'Especiales'),
(3, 'HORECA'),
(4, 'Mayorista'),
(5, 'Minorista');

-- --------------------------------------------------------

--
-- Estructura de tabla para la tabla `cliente_zona`
--

CREATE TABLE `cliente_zona` (
  `cz_id` int(5) NOT NULL,
  `cz_nombre` varchar(200) NOT NULL,
  `c_c_id` int(5) NOT NULL
) ENGINE=InnoDB DEFAULT CHARSET=utf8mb4 COLLATE=utf8mb4_general_ci;

--
-- Volcado de datos para la tabla `cliente_zona`
--

INSERT INTO `cliente_zona` (`cz_id`, `cz_nombre`, `c_c_id`) VALUES
(1, 'N.A', 1),
(2, 'BOSA', 5),
(3, 'ENGATIVA', 5),
(4, 'LOS MARTIRES', 5),
(5, 'PALERMO', 5),
(6, 'ALQUERIA', 5),
(7, 'BARRIOS UNIDOS', 5),
(9, 'CENTRO', 5),
(10, 'CHAPINERO', 5),
(11, 'CIUDAD BOLIVAR', 5),
(13, 'FONTIBON', 5),
(14, 'HAYUELOS', 5),
(15, 'KENNEDY', 5),
(16, 'LISBOA', 5),
(18, 'MAZUREN', 5),
(19, 'PRADO NORTE', 5),
(20, 'PUENTE ARANDA', 5),
(21, 'RESTREPO', 5),
(22, 'SAN CRISTOBAL', 5),
(23, 'SAN FERNANDO', 5),
(24, 'SANTA FE', 5),
(25, 'SUBA', 5),
(26, 'TEUSAQUILLO', 5),
(27, 'TOBERIN', 5),
(28, 'TUNJUELITO', 5),
(29, 'USAQUEN', 5),
(30, 'USME', 5);

-- --------------------------------------------------------

--
-- Estructura de tabla para la tabla `pqrs`
--

CREATE TABLE `pqrs` (
  `pqrs_id` int(5) NOT NULL,
  `pqrs_fecha_recepcion` date NOT NULL,
  `cli_id` int(5) NOT NULL,
  `prod_id` int(5) NOT NULL,
  `pqrs_lote` varchar(100) NOT NULL,
  `pqrs_prod_cantidad` int(8) NOT NULL,
  `pqrs_doc` varchar(100) NOT NULL,
  `pqrs_evidencia` varchar(500) DEFAULT NULL,
  `pqrs_descripcion` varchar(5000) NOT NULL,
  `pqrs_analisis` varchar(5000) DEFAULT NULL,
  `costo` varchar(20) DEFAULT NULL,
  `pqrs_causa_raiz_id` int(5) DEFAULT 0,
  `carg_id` int(5) DEFAULT 0,
  `pt_id` int(5) DEFAULT 0,
  `pqrs_fecha_respuesta` date DEFAULT NULL,
  `pqrs_documento_cruce` varchar(200) DEFAULT NULL,
  `pqrs_estado` int(5) NOT NULL
) ENGINE=InnoDB DEFAULT CHARSET=utf8mb4 COLLATE=utf8mb4_general_ci;

--
-- Volcado de datos para la tabla `pqrs`
--

INSERT INTO `pqrs` (`pqrs_id`, `pqrs_fecha_recepcion`, `cli_id`, `prod_id`, `pqrs_lote`, `pqrs_prod_cantidad`, `pqrs_doc`, `pqrs_evidencia`, `pqrs_descripcion`, `pqrs_analisis`, `costo`, `pqrs_causa_raiz_id`, `carg_id`, `pt_id`, `pqrs_fecha_respuesta`, `pqrs_documento_cruce`, `pqrs_estado`) VALUES
(1, '2024-05-08', 1, 1, 'Lote-001', 10, 'Documento-001', 'http://192.168.1.17:3000/EvidenciaPqrs1.jpg?t=1715693603676', 'Esta es una descripción de prueba para la PQRS 1.', 'Análisis de la PQRS 1.', '100.000', 1, 5, 1, '2024-05-14', 'Documento-002', 2),
(2, '2024-05-08', 112, 69, '230701B', 1, 'FV', 'http://192.168.1.17:3000/EvidenciaPqrs20.jpg?t=1715276495199', 'El cliente manifiesta que en uno de los paquetes del producto salio un cabello, el cliente solicita que se transmita el reclamo al proveedor pero no quieren cambio, solo realizan la observación', 'Se realizó reclamo al proveedor donde manifiestan que cuentan con estrictos controles de calidad pero que sin embargo van a reforzar dichos controles para que este tipo de situaciones no se vuelvan a presentar.', '0', 2, 15, 3, '2024-05-09', 'N.A', 2),
(3, '2024-05-08', 169, 30, 'N.A', 6, 'FV', 'http://192.168.1.17:3000/EvidenciaPqrs21.png?t=1715276463015', 'El cliente recibió el pedido y al momento de abrirlo una de las cajas (display) estaba en mal estado, según reporta el cliente al parecer la caja externa colapsó por manipulación e hizo que el display sufriera avería, el cliente reporta la situación para que revisemos el proceso pero va a dejar la mercancía pues vende los yesos por unidad.', 'Desafortunadamente el cliente no dejó observación en la guía al momento de la recepción pues no era evidente la avería, se refuerza a través del comercial al cliente que en este tipo de situaciones se debe dejar la anotación en la guía para proceder a la reclamación con la transportadora.', '0', 4, 13, 3, '2024-05-09', 'N.A', 2);

-- --------------------------------------------------------

--
-- Estructura de tabla para la tabla `pqrs_causa_raiz`
--

CREATE TABLE `pqrs_causa_raiz` (
  `pcr_id` int(5) NOT NULL,
  `pcr_causa` varchar(100) NOT NULL
) ENGINE=InnoDB DEFAULT CHARSET=utf8mb4 COLLATE=utf8mb4_general_ci;

--
-- Volcado de datos para la tabla `pqrs_causa_raiz`
--

INSERT INTO `pqrs_causa_raiz` (`pcr_id`, `pcr_causa`) VALUES
(0, 'N.A'),
(1, 'ASPECTO COMERCIAL '),
(2, 'CALIDAD DEL PRODUCTO '),
(3, 'CANTIDAD Y/O PRODUCTO DESPACHADO(A) DIFERENTE AL SOLICITADO(A) '),
(4, 'DAÑO EN LA MERCANCIA AL MOMENTO DE LA ENTREGA'),
(5, 'DEMORA EN ENTREGA '),
(6, 'ERROR EN DIGITACION'),
(7, 'ERROR EN PAGO '),
(8, 'ERROR HUMANO'),
(9, 'MALA ATENCION '),
(10, 'PERDIDA DE UNIDAD POR PARTE DE TRANSPORTADOR '),
(11, 'SOLICITUD DE PEDIDO ERRONEO ');

-- --------------------------------------------------------

--
-- Estructura de tabla para la tabla `pqrs_estado`
--

CREATE TABLE `pqrs_estado` (
  `pe_id` int(5) NOT NULL,
  `pe_estado` varchar(50) NOT NULL
) ENGINE=InnoDB DEFAULT CHARSET=utf8mb4 COLLATE=utf8mb4_general_ci;

--
-- Volcado de datos para la tabla `pqrs_estado`
--

INSERT INTO `pqrs_estado` (`pe_id`, `pe_estado`) VALUES
(1, 'PENDIENTE'),
(2, 'CERRADO');

-- --------------------------------------------------------

--
-- Estructura de tabla para la tabla `pqrs_plan_accion`
--

CREATE TABLE `pqrs_plan_accion` (
  `ppa_id` int(5) NOT NULL,
  `ppa_fecha_inicio` date NOT NULL,
  `ppa_descripcion` varchar(5000) NOT NULL,
  `ppa_fecha_cumplimiento` date DEFAULT NULL,
  `carg_id` int(5) NOT NULL,
  `pqrs_id` int(5) NOT NULL,
  `ppa_estado` varchar(20) NOT NULL
) ENGINE=InnoDB DEFAULT CHARSET=utf8mb4 COLLATE=utf8mb4_general_ci;

--
-- Volcado de datos para la tabla `pqrs_plan_accion`
--

INSERT INTO `pqrs_plan_accion` (`ppa_id`, `ppa_fecha_inicio`, `ppa_descripcion`, `ppa_fecha_cumplimiento`, `carg_id`, `pqrs_id`, `ppa_estado`) VALUES
(1, '2024-05-08', 'REALIZAR RECLAMO AL PROVEEDOR', '2024-05-08', 0, 2, 'CERRADO'),
(2, '2024-05-08', 'INFORMAR AL CLIENTE RESPUESTA DEL PROVEEDOR', '2024-05-10', 0, 2, 'PENDIENTE');

-- --------------------------------------------------------

--
-- Estructura de tabla para la tabla `pqrs_tipologia`
--

CREATE TABLE `pqrs_tipologia` (
  `pt_id` int(5) NOT NULL,
  `pt_tipologia` varchar(50) NOT NULL
) ENGINE=InnoDB DEFAULT CHARSET=utf8mb4 COLLATE=utf8mb4_general_ci;

--
-- Volcado de datos para la tabla `pqrs_tipologia`
--

INSERT INTO `pqrs_tipologia` (`pt_id`, `pt_tipologia`) VALUES
(0, 'N.A'),
(1, 'PETICION'),
(2, 'QUEJA'),
(3, 'RECLAMO'),
(4, 'SUGERENCIA');

-- --------------------------------------------------------

--
-- Estructura de tabla para la tabla `productos`
--

CREATE TABLE `productos` (
  `prod_id` int(5) NOT NULL,
  `prod_ref` varchar(100) NOT NULL,
  `prod_descripcion` varchar(500) NOT NULL,
  `prod_presentacion` varchar(500) NOT NULL,
  `prod_und_vta_x_carton` varchar(50) NOT NULL,
  `prod_iva` int(3) NOT NULL
) ENGINE=InnoDB DEFAULT CHARSET=utf8mb4 COLLATE=utf8mb4_general_ci;

--
-- Volcado de datos para la tabla `productos`
--

INSERT INTO `productos` (`prod_id`, `prod_ref`, `prod_descripcion`, `prod_presentacion`, `prod_und_vta_x_carton`, `prod_iva`) VALUES
(1, '625', 'BOLSA MORTUORIA TERMOSELLADA CALIBRE 6', 'UNID ', '50', 19),
(2, '626', 'BOLSA MORTUORIA TERMOSELLADA CALIBRE 8', 'UNID ', '50', 19),
(3, '627', 'BOLSA MORTUORIA NIÑO TERMOSELLADA ', 'UNID ', '50', 19),
(4, '628', 'BOLSA NEONATAL', 'UNID ', '50', 19),
(5, '815', 'VENDA ALGODoN 3X5 (BX20 R.) ', 'BLX20R', '10', 0),
(6, '816', 'VENDA ALGODoN 4X5 (BX20 R.)', 'BLX20R', '10', 0),
(7, '817', 'VENDA ALGODoN 5X5 (BX15 R.) ', 'BLX15R', '10', 0),
(8, '818', 'VENDA ALGODoN 6X5 (BX15 R.)  ', 'BLX15R', '10', 0),
(9, '819', 'VENDA ELASTICA 2X5 (Bx20 R) ', 'BLX20R', '10', 0),
(10, '820', 'VENDA ELASTICA 3X5 (BX20 R)', 'BLX20R', '10', 0),
(11, '821', 'VENDA ELASTICA 4X5 (BX20 R) ', 'BLX20R', '10', 0),
(12, '822', 'VENDA ELASTICA 5X5 (BX20 R', 'BLX20R', '10', 0),
(13, '823', 'VENDA ELASTICA 6X5 (BX20R)', 'BLX20R', '10', 0),
(14, '901AZT.L', 'GUANTES DE NITRILO AZUL T.LCJAX10CX100 U ', 'CJX100U', '10', 19),
(15, '901AZT.M', 'GUANTES DE NITRILO AZUL T.M. CJAX10CX100 U. ', 'CJX100U', '10', 19),
(16, '901AZT.S', 'GUANTES DE NITRILO AZUL T.S. CJAX10CX100 U. ', 'CJX100U', '10', 19),
(17, '901NET.L', 'GUANTES DE NITRILO NEGRO T.L. CJAX10CX100U ', 'CJX100U', '10', 19),
(18, '901NET.M', 'GUANTES DE NITRILO NEGRO T.M. CJAX10CX100 U', 'CJX100U', '10', 19),
(19, '901NET.S', 'GUANTES DE NITRILO NEGRO T.S. CJAX10CX100 U ', 'CJX100U', '10', 19),
(20, '902T.L', 'GUANTES DE LATEX T.L. CJAX10CX100 U ', 'CJX100U', '10', 19),
(21, '902T.M', 'GUANTES DE LATEX T.M. CJAX10CX100 U ', 'CJX100U', '10', 19),
(22, '902T.S', 'GUANTES DE LATEX T.S. CJAX10CX100 U ', 'CJX100U', '10', 19),
(23, 'F851', 'FIXOD TRANSP 10 CM x 10 M Cx90 U.', 'UNID ', '90', 0),
(24, 'F850S', 'FIXODEMA STRETCH 5 CM x 10 M Cx180 U', 'UNID ', '180', 0),
(25, 'F851S', 'FIXODEMA STRETCH 10 CM x 10 M Cx90 U.', 'UNID ', '90', 0),
(26, 'F852S', 'FIXODEMA STRECH  15 CM x 10 M Cx60 U.', 'UNID ', '60', 0),
(27, 'I810A', 'VENDA DE YESO 3\' X 5 Y KENNEDY MEDICAL Cx12 U ', 'ROLLO', '144', 0),
(28, 'I811A', 'VENDA DE YESO 4\' x 5 Y KENNEDY MEDICAL Cx12 U. ', 'ROLLO', '96', 0),
(29, 'I812A', 'VENDA DE YESO 5\' x 5 Y KENNEDY MEDICAL Cx12 U. ', 'ROLLO', '72', 0),
(30, 'I813A', 'VENDA DE YESO 6\' x 5 Y KENNEDY MEDICAL Cx6 U.', 'ROLLO', '60', 0),
(31, 'I814A', 'VENDA DE YESO 8\' x 5 Y KENNEDY MEDICAL Cx6 U. ', 'ROLLO', '48', 0),
(32, 'I830BL', 'CINTA QUIRURG. MICROPOROSA 0,5x5YB (CX24BX24R) ', 'CJX24R', '24', 0),
(33, 'I831BL', 'CINTA QUIRURGICA MICROPOROSA 1x5YB (CX24BX12R) ', 'CJX12R', '24', 0),
(34, 'I831BX10', 'CINTA QUIRURGICA MICROPOROSA 1x10YB (CX24BX12R) ', 'CJX12R', '24', 0),
(35, 'I832BL', 'CINTA QUIRURGICA MICROPOROSA 2x5Y (CX24BX6R) ', 'CJX6R', '24', 0),
(36, 'I832BX10', 'CINTA QUIRURGICA MICROPOROSA 2 x 10 Y Cx144 U.', 'CJX6R', '24', 0),
(37, 'I840', 'ESPARADRAPO TELA 3X5 YDS', 'CJX4R', '24', 0),
(38, 'I841', 'ESPARADRAPO 2 X 5 Y (CX24BX6R)', 'CJX6R', '24', 0),
(39, 'I841X10N', 'ESPARADRAPO 2X10Y (CX24X4R)', 'CJX4R', '24', 0),
(40, 'I842', 'ESPARADRAPO 1 X 5Y (CX24BX12R)', 'CJX12R', '24', 0),
(41, 'I842X10', 'ESPARADRAPO 1 X 10Y (BX12R)', 'CJX12R', '24', 0),
(42, 'I843', 'ESPARADRAPO 0,5 X 5Y (CX24BX24R) ', 'CJX24R', '24', 0),
(43, 'I844', 'ESPARADRAPO4X5Y(CX4R) ', 'CJX4R', '24', 0),
(44, 'I844X10N', 'ESPARADRAPO 4 X 10Y (CX24BX4R)', 'CJX4R', '24', 0),
(45, 'I846N', 'ESPARADRAPO 12 x 10 Y TUBO HOSPITALARIO Cx12 T. ', 'CJX12T', '24', 0),
(46, 'IG811', 'GASA HOSPITALARIA ROLLO 1 X 100 2 PLIEGUES CAJA X 20 ROLLOS', 'ROLLO', '20', 0),
(47, 'IG812', 'GASA PRECORTADA  40 CAJAS X 20 SOBRES X 5 UNID. ', 'CJX20BX5U', '40', 0),
(48, 'IG813', 'GASA PRECORTADA ESTERIL NO TEJIDA  40 CAJAS X 20 SOBRES X 5 UNID. ', 'CJX20BX5U', '40', 0),
(49, 'IG820', 'COMPR NO ESTERIL 45X45  CJAX12BX10FAJX5UNDS ', 'BLX50', '12', 0),
(50, 'IG830', 'COMPRESA  ESTERIL 45X45   CJAX80  BOLX 5 UNDS', 'PQTEX5U', '80', 0),
(51, 'II351', 'BAJALENGUA MADERA CX20CJX25BX20 PRODEMA ', 'CJX25BX20U', '20', 19),
(52, 'II351A', 'BAJALENGUA GRANEL Cx500 U PRODEMA', 'CJX500U', '20', 19),
(53, 'II351AK', 'BAJALENGUA DE MADERA KENNEDY GRANEL CJ X 20CJX500  ', 'CJX500UND', '20', 19),
(54, 'I352S10', 'BAJALENGUA DE MADERA KENNEDY BOLSAX500  ', 'BLX500U', '10', 19),
(55, 'II351K', 'BAJALENGUA DE MADERA KENNEDY BX20 CJX20CJX25BX20 ', 'CJX25BX20U', '20', 19),
(56, 'II353x20', 'APLICADOR PRODEMA SIN ALGODoN CJA X 20 MILLARES ', 'CJX1000U', '20', 19),
(57, 'II354', 'APLICADOR MADERA C/A PRODEMA Cx20Cx50Bx20U ', 'CJX50BX20U', '20', 19),
(58, 'II354BBC', 'APLICADOR MADERA C/A PRODEMA Cx20Bx10Bx100U ', 'BLX10BX100U', '20', 19),
(59, 'II354BBCK', 'APLICADOR MADERA C/A Cx20Bx10Bx100U KENNEDY ', 'BLX10BX100U', '20', 19),
(60, 'II354K', 'APLICADOR MADERA C/A Cx20Cx50Bx20U KENNEDY ', 'CJX50BX20U', '20', 19),
(61, 'IR151AZ', 'TAPABOCAS CON CAUCHO AZUL CJ X 50 UNDS ', 'CJX50U', '40', 19),
(62, 'IR151AZ-EU', 'TAPABOCAS AZUL EMP INDIVIDUAL BX50 UNDS  ', 'CJX50U', '40', 19),
(63, 'IR151BL', 'TAPABOCAS CON CAUCHO BLANCO CJ X 50 UNDS ', 'CJX50U', '40', 19),
(64, 'IR151BL-EU', 'TAPABOCAS BLANCO EMP INDIVIDUAL B X 50 UNDS ', 'CJX50U', '40', 19),
(65, 'IR151NA-EU', 'TAPABOCAS CON CAUCHO PARA NIÑO AZUL E.U. ', 'CJX50U', '40', 19),
(66, 'IR151NR-EU', 'TAPABOCAS CON CAUCHO PARA NIÑO ROSADO E.U.', 'CJX50U', '40', 19),
(67, '3TC', 'TIJERAS PARA CORTE DE YESO', 'UNID ', 'CX25 UNID', 19),
(68, 'IR165A', 'GORRO TIPO RIÑON AZUL BX100 CX20BX100UNDS', 'BLX100U', '20', 19),
(69, 'IR165B', 'GORRO TIPO RIÑON BLANCO BX100 CX20BX100UNDS ', 'BLX100U', '20', 19),
(70, 'IR171', 'POLAINAS ANTIDESLIZANTE PAR-TELA CAJA X 20 BOLSAS X 50 PARES', 'BLX50PAR', '20', 19),
(71, 'R132', 'BATON CIRUJANO PUÑO BLANCO NO ESTERIL', 'UNID ', 'BX10U', 19),
(72, 'R133', 'BATA PACIENTE MANGA SISA', 'UNID ', 'BX10U', 19),
(73, 'R133SS', 'BATA PACIENTE MANGA LARGA PUÑO RIB', 'UNID ', 'BX10U', 19),
(74, 'R133ML-AZUL', 'BATA PACIENTE MANGA LARGA PUÑO RESORTADO AZUL', 'UNID ', 'BX10U', 19),
(75, 'R133ML-BLANCA', 'BATA PACIENTE MANGA LARGA PUÑO RESORTADO BLANCA', 'UNID ', 'BX10U', 19);

--
-- Índices para tablas volcadas
--

--
-- Indices de la tabla `cargos`
--
ALTER TABLE `cargos`
  ADD PRIMARY KEY (`carg_id`);

--
-- Indices de la tabla `cliente`
--
ALTER TABLE `cliente`
  ADD PRIMARY KEY (`cli_id`),
  ADD KEY `cli_clasificacion` (`id_clasificacion`),
  ADD KEY `fk_cli_ciudad` (`cli_ciudad`);

--
-- Indices de la tabla `cliente_ciudad`
--
ALTER TABLE `cliente_ciudad`
  ADD PRIMARY KEY (`c_c_id`);

--
-- Indices de la tabla `cliente_clasificacion`
--
ALTER TABLE `cliente_clasificacion`
  ADD PRIMARY KEY (`cli_cla_id`);

--
-- Indices de la tabla `cliente_zona`
--
ALTER TABLE `cliente_zona`
  ADD PRIMARY KEY (`cz_id`),
  ADD KEY `fk_c_c_id` (`c_c_id`);

--
-- Indices de la tabla `pqrs`
--
ALTER TABLE `pqrs`
  ADD PRIMARY KEY (`pqrs_id`),
  ADD KEY `cli_id` (`cli_id`),
  ADD KEY `prod_id` (`prod_id`),
  ADD KEY `pqrs_causa` (`pqrs_causa_raiz_id`),
  ADD KEY `carg_id` (`carg_id`),
  ADD KEY `pt_id` (`pt_id`),
  ADD KEY `pqrs_estado` (`pqrs_estado`);

--
-- Indices de la tabla `pqrs_causa_raiz`
--
ALTER TABLE `pqrs_causa_raiz`
  ADD PRIMARY KEY (`pcr_id`);

--
-- Indices de la tabla `pqrs_estado`
--
ALTER TABLE `pqrs_estado`
  ADD PRIMARY KEY (`pe_id`);

--
-- Indices de la tabla `pqrs_plan_accion`
--
ALTER TABLE `pqrs_plan_accion`
  ADD PRIMARY KEY (`ppa_id`),
  ADD KEY `carg_id` (`carg_id`),
  ADD KEY `pqrs_id` (`pqrs_id`);

--
-- Indices de la tabla `pqrs_tipologia`
--
ALTER TABLE `pqrs_tipologia`
  ADD PRIMARY KEY (`pt_id`);

--
-- Indices de la tabla `productos`
--
ALTER TABLE `productos`
  ADD PRIMARY KEY (`prod_id`);

--
-- AUTO_INCREMENT de las tablas volcadas
--

--
-- AUTO_INCREMENT de la tabla `cargos`
--
ALTER TABLE `cargos`
  MODIFY `carg_id` int(5) NOT NULL AUTO_INCREMENT, AUTO_INCREMENT=17;

--
-- AUTO_INCREMENT de la tabla `cliente`
--
ALTER TABLE `cliente`
  MODIFY `cli_id` int(5) NOT NULL AUTO_INCREMENT, AUTO_INCREMENT=478;

--
-- AUTO_INCREMENT de la tabla `cliente_ciudad`
--
ALTER TABLE `cliente_ciudad`
  MODIFY `c_c_id` int(5) NOT NULL AUTO_INCREMENT, AUTO_INCREMENT=51;

--
-- AUTO_INCREMENT de la tabla `cliente_clasificacion`
--
ALTER TABLE `cliente_clasificacion`
  MODIFY `cli_cla_id` int(5) NOT NULL AUTO_INCREMENT, AUTO_INCREMENT=6;

--
-- AUTO_INCREMENT de la tabla `cliente_zona`
--
ALTER TABLE `cliente_zona`
  MODIFY `cz_id` int(5) NOT NULL AUTO_INCREMENT, AUTO_INCREMENT=31;

--
-- AUTO_INCREMENT de la tabla `pqrs`
--
ALTER TABLE `pqrs`
  MODIFY `pqrs_id` int(5) NOT NULL AUTO_INCREMENT, AUTO_INCREMENT=4;

--
-- AUTO_INCREMENT de la tabla `pqrs_causa_raiz`
--
ALTER TABLE `pqrs_causa_raiz`
  MODIFY `pcr_id` int(5) NOT NULL AUTO_INCREMENT, AUTO_INCREMENT=12;

--
-- AUTO_INCREMENT de la tabla `pqrs_estado`
--
ALTER TABLE `pqrs_estado`
  MODIFY `pe_id` int(5) NOT NULL AUTO_INCREMENT, AUTO_INCREMENT=3;

--
-- AUTO_INCREMENT de la tabla `pqrs_plan_accion`
--
ALTER TABLE `pqrs_plan_accion`
  MODIFY `ppa_id` int(5) NOT NULL AUTO_INCREMENT, AUTO_INCREMENT=3;

--
-- AUTO_INCREMENT de la tabla `pqrs_tipologia`
--
ALTER TABLE `pqrs_tipologia`
  MODIFY `pt_id` int(5) NOT NULL AUTO_INCREMENT, AUTO_INCREMENT=5;

--
-- AUTO_INCREMENT de la tabla `productos`
--
ALTER TABLE `productos`
  MODIFY `prod_id` int(5) NOT NULL AUTO_INCREMENT, AUTO_INCREMENT=76;

--
-- Restricciones para tablas volcadas
--

--
-- Filtros para la tabla `cliente`
--
ALTER TABLE `cliente`
  ADD CONSTRAINT `cli_clasificacion` FOREIGN KEY (`id_clasificacion`) REFERENCES `cliente_clasificacion` (`cli_cla_id`),
  ADD CONSTRAINT `fk_cli_ciudad` FOREIGN KEY (`cli_ciudad`) REFERENCES `cliente_ciudad` (`c_c_id`);

--
-- Filtros para la tabla `cliente_zona`
--
ALTER TABLE `cliente_zona`
  ADD CONSTRAINT `fk_c_c_id` FOREIGN KEY (`c_c_id`) REFERENCES `cliente_ciudad` (`c_c_id`);

--
-- Filtros para la tabla `pqrs`
--
ALTER TABLE `pqrs`
  ADD CONSTRAINT `carg_id` FOREIGN KEY (`carg_id`) REFERENCES `cargos` (`carg_id`),
  ADD CONSTRAINT `pqrs_causa` FOREIGN KEY (`pqrs_causa_raiz_id`) REFERENCES `pqrs_causa_raiz` (`pcr_id`),
  ADD CONSTRAINT `pqrs_estado` FOREIGN KEY (`pqrs_estado`) REFERENCES `pqrs_estado` (`pe_id`),
  ADD CONSTRAINT `pqrs_ibfk_1` FOREIGN KEY (`cli_id`) REFERENCES `cliente` (`cli_id`),
  ADD CONSTRAINT `prod_id` FOREIGN KEY (`prod_id`) REFERENCES `productos` (`prod_id`),
  ADD CONSTRAINT `pt_id` FOREIGN KEY (`pt_id`) REFERENCES `pqrs_tipologia` (`pt_id`);

--
-- Filtros para la tabla `pqrs_plan_accion`
--
ALTER TABLE `pqrs_plan_accion`
  ADD CONSTRAINT `pqrs_id` FOREIGN KEY (`pqrs_id`) REFERENCES `pqrs` (`pqrs_id`),
  ADD CONSTRAINT `pqrs_plan_accion_ibfk_1` FOREIGN KEY (`carg_id`) REFERENCES `cargos` (`carg_id`);
COMMIT;

/*!40101 SET CHARACTER_SET_CLIENT=@OLD_CHARACTER_SET_CLIENT */;
/*!40101 SET CHARACTER_SET_RESULTS=@OLD_CHARACTER_SET_RESULTS */;
/*!40101 SET COLLATION_CONNECTION=@OLD_COLLATION_CONNECTION */;
